<?xml version="1.0" encoding="UTF-8"?>
<compendium version="5">
	<item>
		<name>10 GP - Azurite</name>
		<type>$</type>
        <magic></magic>
		<value>10gp</value>
		<weight>0</weight>
		<text>An opaque mottled deep blue gemstone worth 10 gp.</text>
		<text />
		<text>Source: Dungeon Master's Guide, page 134</text>
	</item>
	<item>
		<name>10 GP - Banded Agate</name>
		<type>$</type>
        <magic></magic>
		<value>10gp</value>
		<weight>0</weight>
		<text>A translucent striped brown, blue, white, or red gemstone worth 10 gp.</text>
		<text />
		<text>Source: Dungeon Master's Guide, page 134</text>
	</item>
	<item>
		<name>10 GP - Blue Quartz</name>
		<type>$</type>
        <magic></magic>
		<value>10gp</value>
		<weight>0</weight>
		<text>A transparent pale blue gemstone worth 10 gp.</text>
		<text />
		<text>Source: Dungeon Master's Guide, page 134</text>
	</item>
	<item>
		<name>10 GP - Eye Agate</name>
		<type>$</type>
        <magic></magic>
		<value>10gp</value>
		<weight>0</weight>
		<text>A translucent circles of gray, white, brown, blue, or green gemstone worth 10 gp.</text>
		<text />
		<text>Source: Dungeon Master's Guide, page 134</text>
	</item>
	<item>
		<name>10 GP - Hematite</name>
		<type>$</type>
        <magic></magic>
		<value>10gp</value>
		<weight>0</weight>
		<text>An opaque gray-black gemstone worth 10 gp.</text>
		<text />
		<text>Source: Dungeon Master's Guide, page 134</text>
	</item>
	<item>
		<name>10 GP - Lapis Lazuli</name>
		<type>$</type>
        <magic></magic>
		<value>10gp</value>
		<weight>0</weight>
		<text>An opaque light and dark blue with yellow flecks gemstone worth 10 gp.</text>
		<text />
		<text>Source: Dungeon Master's Guide, page 134</text>
	</item>
	<item>
		<name>10 GP - Malachite</name>
		<type>$</type>
        <magic></magic>
		<value>10gp</value>
		<weight>0</weight>
		<text>An opaque striated light and dark green gemstone worth 10 gp.</text>
		<text />
		<text>Source: Dungeon Master's Guide, page 134</text>
	</item>
	<item>
		<name>10 GP - Moss Agate</name>
		<type>$</type>
        <magic></magic>
		<value>10gp</value>
		<weight>0</weight>
		<text>A translucent pink or yellow-white with mossy gray or green markings gemstone worth 10 gp.</text>
		<text />
		<text>Source: Dungeon Master's Guide, page 134</text>
	</item>
	<item>
		<name>10 GP - Obsidian</name>
		<type>$</type>
        <magic></magic>
		<value>10gp</value>
		<weight>0</weight>
		<text>An opaque black gemstone worth 10 gp.</text>
		<text />
		<text>Source: Dungeon Master's Guide, page 134</text>
	</item>
	<item>
		<name>10 GP - Rhodochrosite</name>
		<type>$</type>
        <magic></magic>
		<value>10gp</value>
		<weight>0</weight>
		<text>An opaque light pink gemstone worth 10 gp.</text>
		<text />
		<text>Source: Dungeon Master's Guide, page 134</text>
	</item>
	<item>
		<name>10 GP - Tiger Eye</name>
		<type>$</type>
        <magic></magic>
		<value>10gp</value>
		<weight>0</weight>
		<text>A translucent brown with golden center gemstone worth 10 gp.</text>
		<text />
		<text>Source: Dungeon Master's Guide, page 134</text>
	</item>
	<item>
		<name>10 GP - Turquoise</name>
		<type>$</type>
        <magic></magic>
		<value>10gp</value>
		<weight>0</weight>
		<text>An opaque light blue-green gemstone worth 10 gp.</text>
		<text />
		<text>Source: Dungeon Master's Guide, page 134</text>
	</item>
	<item>
		<name>50 GP - Bloodstone</name>
		<type>$</type>
        <magic></magic>
		<value>50gp</value>
		<weight>0</weight>
		<text>An opaque dark gray with red flecks gemstone worth 50 gp.</text>
		<text />
		<text>Source: Dungeon Master's Guide, page 134</text>
	</item>
	<item>
		<name>50 GP - Carnelian</name>
		<type>$</type>
        <magic></magic>
		<value>50gp</value>
		<weight>0</weight>
		<text>An opaque orange to red-brown gemstone worth 50 gp.</text>
		<text />
		<text>Source: Dungeon Master's Guide, page 134</text>
	</item>
	<item>
		<name>50 GP - Chalcedony</name>
		<type>$</type>
        <magic></magic>
		<value>50gp</value>
		<weight>0</weight>
		<text>An opaque white gemstone worth 50 gp.</text>
		<text />
		<text>Source: Dungeon Master's Guide, page 134</text>
	</item>
	<item>
		<name>50 GP - Chrysoprase</name>
		<type>$</type>
        <magic></magic>
		<value>50gp</value>
		<weight>0</weight>
		<text>A translucent green gemstone worth 50 gp.</text>
		<text />
		<text>Source: Dungeon Master's Guide, page 134</text>
	</item>
	<item>
		<name>50 GP - Citrine</name>
		<type>$</type>
        <magic></magic>
		<value>50gp</value>
		<weight>0</weight>
		<text>A transparent pale yellow-brown gemstone worth 50 gp.</text>
		<text />
		<text>Source: Dungeon Master's Guide, page 134</text>
	</item>
	<item>
		<name>50 GP - Jasper</name>
		<type>$</type>
        <magic></magic>
		<value>50gp</value>
		<weight>0</weight>
		<text>An opaque blue, black, or brown gemstone worth 50 gp.</text>
		<text />
		<text>Source: Dungeon Master's Guide, page 134</text>
	</item>
	<item>
		<name>50 GP - Moonstone</name>
		<type>$</type>
        <magic></magic>
		<value>50gp</value>
		<weight>0</weight>
		<text>A translucent white with pale blue glow gemstone worth 50 gp.</text>
		<text />
		<text>Source: Dungeon Master's Guide, page 134</text>
	</item>
	<item>
		<name>50 GP - Onyx</name>
		<type>$</type>
        <magic></magic>
		<value>50gp</value>
		<weight>0</weight>
		<text>An opaque bands of black and white, or pure black or white gemstone worth 50 gp.</text>
		<text />
		<text>Source: Dungeon Master's Guide, page 134</text>
	</item>
	<item>
		<name>50 GP - Quartz</name>
		<type>$</type>
        <magic></magic>
		<value>50gp</value>
		<weight>0</weight>
		<text>A transparent white, smoky gray, or yellow gemstone worth 50 gp.</text>
		<text />
		<text>Source: Dungeon Master's Guide, page 134</text>
	</item>
	<item>
		<name>50 GP - Sardonyx</name>
		<type>$</type>
        <magic></magic>
		<value>50gp</value>
		<weight>0</weight>
		<text>An opaque bands of red and white gemstone worth 50 gp.</text>
		<text />
		<text>Source: Dungeon Master's Guide, page 134</text>
	</item>
	<item>
		<name>50 GP - Star rose quartz</name>
		<type>$</type>
        <magic></magic>
		<value>50gp</value>
		<weight>0</weight>
		<text>A translucent rosy stone with white star-shaped center gemstone worth 50 gp.</text>
		<text />
		<text>Source: Dungeon Master's Guide, page 134</text>
	</item>
	<item>
		<name>50 GP - Zircon</name>
		<type>$</type>
        <magic></magic>
		<value>50gp</value>
		<weight>0</weight>
		<text>A transparent pale blue-green gemstone worth 50 gp.</text>
		<text />
		<text>Source: Dungeon Master's Guide, page 134</text>
	</item>
	<item>
		<name>100 GP - Amber</name>
		<type>$</type>
        <magic></magic>
		<value>100gp</value>
		<weight>0</weight>
		<text>A transparent watery gold to rich gold gemstone worth 100 gp.</text>
		<text />
		<text>Source: Dungeon Master's Guide, page 134</text>
	</item>
	<item>
		<name>100 GP - Amethyst</name>
		<type>$</type>
        <magic></magic>
		<value>100gp</value>
		<weight>0</weight>
		<text>A transparent deep purple gemstone worth 100 gp.</text>
		<text />
		<text>Source: Dungeon Master's Guide, page 134</text>
	</item>
	<item>
		<name>100 GP - Chrysoberyl</name>
		<type>$</type>
        <magic></magic>
		<value>100gp</value>
		<weight>0</weight>
		<text>A transparent yellow-green to pale green gemstone worth 100 gp.</text>
		<text />
		<text>Source: Dungeon Master's Guide, page 134</text>
	</item>
	<item>
		<name>100 GP - Coral</name>
		<type>$</type>
        <magic></magic>
		<value>100gp</value>
		<weight>0</weight>
		<text>An opaque crimson gemstone worth 100 gp.</text>
		<text />
		<text>Source: Dungeon Master's Guide, page 134</text>
	</item>
	<item>
		<name>100 GP - Garnet</name>
		<type>$</type>
        <magic></magic>
		<value>100gp</value>
		<weight>0</weight>
		<text>A transparent red, brown-green, or violet gemstone worth 100 gp.</text>
		<text />
		<text>Source: Dungeon Master's Guide, page 134</text>
	</item>
	<item>
		<name>100 GP - Jade</name>
		<type>$</type>
        <magic></magic>
		<value>100gp</value>
		<weight>0</weight>
		<text>A translucent light green, deep green, or white gemstone worth 100 gp.</text>
		<text />
		<text>Source: Dungeon Master's Guide, page 134</text>
	</item>
	<item>
		<name>100 GP - Jet</name>
		<type>$</type>
        <magic></magic>
		<value>100gp</value>
		<weight>0</weight>
		<text>An opaque deep black gemstone worth 100 gp.</text>
		<text />
		<text>Source: Dungeon Master's Guide, page 134</text>
	</item>
	<item>
		<name>100 GP - Pearl</name>
		<type>$</type>
        <magic></magic>
		<value>100gp</value>
		<weight>0</weight>
		<text>An opaque lustrous white, yellow, or pink gemstone worth 100 gp.</text>
		<text />
		<text>Source: Dungeon Master's Guide, page 134</text>
	</item>
	<item>
		<name>100 GP - Spinel</name>
		<type>$</type>
        <magic></magic>
		<value>100gp</value>
		<weight>0</weight>
		<text>A transparent red, red-brown, or deep green gemstone worth 100 gp.</text>
		<text />
		<text>Source: Dungeon Master's Guide, page 134</text>
	</item>
	<item>
		<name>100 GP - Tourmaline</name>
		<type>$</type>
        <magic></magic>
		<value>100gp</value>
		<weight>0</weight>
		<text>A transparent pale green, blue, brown, or red gemstone worth 100 gp.</text>
		<text />
		<text>Source: Dungeon Master's Guide, page 134</text>
	</item>
	<item>
		<name>500 GP - Alexandrite</name>
		<type>$</type>
        <magic></magic>
		<value>500gp</value>
		<weight>0</weight>
		<text>A transparent dark green gemstone worth 500 gp.</text>
		<text />
		<text>Source: Dungeon Master's Guide, page 134</text>
	</item>
	<item>
		<name>500 GP - Aquamarine</name>
		<type>$</type>
        <magic></magic>
		<value>500gp</value>
		<weight>0</weight>
		<text>A transparent pale blue-green gemstone worth 500 gp.</text>
		<text />
		<text>Source: Dungeon Master's Guide, page 134</text>
	</item>
	<item>
		<name>500 GP - Black Pearl</name>
		<type>$</type>
        <magic></magic>
		<value>500gp</value>
		<weight>0</weight>
		<text>An opaque pure black gemstone worth 500 gp.</text>
		<text />
		<text>Source: Dungeon Master's Guide, page 134</text>
	</item>
	<item>
		<name>500 GP - Blue Spinel</name>
		<type>$</type>
        <magic></magic>
		<value>500gp</value>
		<weight>0</weight>
		<text>A transparent deep blue gemstone worth 500 gp.</text>
		<text />
		<text>Source: Dungeon Master's Guide, page 134</text>
	</item>
	<item>
		<name>500 GP - Peridot</name>
		<type>$</type>
        <magic></magic>
		<value>500gp</value>
		<weight>0</weight>
		<text>A transparent rich olive green gemstone worth 500 gp.</text>
		<text />
		<text>Source: Dungeon Master's Guide, page 134</text>
	</item>
	<item>
		<name>500 GP - Topaz</name>
		<type>$</type>
        <magic></magic>
		<value>500gp</value>
		<weight>0</weight>
		<text>A transparent golden yellow gemstone worth 500 gp.</text>
		<text />
		<text>Source: Dungeon Master's Guide, page 134</text>
	</item>
	<item>
		<name>1000 GP - Black Opal</name>
		<type>$</type>
        <magic></magic>
		<value>1000gp</value>
		<weight>0</weight>
		<text>A translucent dark green with black mottling and golden flecks gemstone worth 1000 gp.</text>
		<text />
		<text>Source: Dungeon Master's Guide, page 134</text>
	</item>
	<item>
		<name>1000 GP - Blue Sapphire</name>
		<type>$</type>
        <magic></magic>
		<value>1000gp</value>
		<weight>0</weight>
		<text>A transparent blue-white to medium blue gemstone worth 1000 gp.</text>
		<text />
		<text>Source: Dungeon Master's Guide, page 134</text>
	</item>
	<item>
		<name>1000 GP - Emerald</name>
		<type>$</type>
        <magic></magic>
		<value>1000gp</value>
		<weight>0</weight>
		<text>A transparent deep bright green gemstone worth 1000 gp.</text>
		<text />
		<text>Source: Dungeon Master's Guide, page 134</text>
	</item>
	<item>
		<name>1000 GP - Fire Opal</name>
		<type>$</type>
        <magic></magic>
		<value>1000gp</value>
		<weight>0</weight>
		<text>A translucent fiery red gemstone worth 1000 gp.</text>
		<text />
		<text>Source: Dungeon Master's Guide, page 134</text>
	</item>
	<item>
		<name>1000 GP - Opal</name>
		<type>$</type>
        <magic></magic>
		<value>1000gp</value>
		<weight>0</weight>
		<text>A translucent pale blue with green and golden mottling gemstone worth 1000 gp.</text>
		<text />
		<text>Source: Dungeon Master's Guide, page 134</text>
	</item>
	<item>
		<name>1000 GP - Star Ruby</name>
		<type>$</type>
        <magic></magic>
		<value>1000gp</value>
		<weight>0</weight>
		<text>A translucent ruby with white star-shaped center gemstone worth 1000 gp.</text>
		<text />
		<text>Source: Dungeon Master's Guide, page 134</text>
	</item>
	<item>
		<name>1000 GP - Star Sapphire</name>
		<type>$</type>
        <magic></magic>
		<value>1000gp</value>
		<weight>0</weight>
		<text>A translucent blue sapphire with white star-shaped center gemstone worth 1000 gp.</text>
		<text />
		<text>Source: Dungeon Master's Guide, page 134</text>
	</item>
	<item>
		<name>1000 GP - Yellow Sapphire</name>
		<type>$</type>
        <magic></magic>
		<value>1000gp</value>
		<weight>0</weight>
		<text>A transparent fiery yellow or yellow-green gemstone worth 1000 gp.</text>
		<text />
		<text>Source: Dungeon Master's Guide, page 134</text>
	</item>
	<item>
		<name>5000 GP - Black Sapphire</name>
		<type>$</type>
        <magic></magic>
		<value>5000gp</value>
		<weight>0</weight>
		<text>A translucent lustrous black with glowing highlights gemstone worth 5000 gp.</text>
		<text />
		<text>Source: Dungeon Master's Guide, page 134</text>
	</item>
	<item>
		<name>5000 GP - Diamond</name>
		<type>$</type>
        <magic></magic>
		<value>5000gp</value>
		<weight>0</weight>
		<text>A transparent blue-white, canary, pink, brown, or blue gemstone worth 5000 gp.</text>
		<text />
		<text>Source: Dungeon Master's Guide, page 134</text>
	</item>
	<item>
		<name>5000 GP - Jacinth</name>
		<type>$</type>
        <magic></magic>
		<value>5000gp</value>
		<weight>0</weight>
		<text>A transparent fiery orange gemstone worth 5000 gp.</text>
		<text />
		<text>Source: Dungeon Master's Guide, page 134</text>
	</item>
	<item>
		<name>5000 GP - Ruby</name>
		<type>$</type>
        <magic></magic>
		<value>5000gp</value>
		<weight>0</weight>
		<text>A transparent clear red to deep crimson gemstone worth 5000 gp.</text>
		<text />
		<text>Source: Dungeon Master's Guide, page 134</text>
	</item>
	<item>
		<name>25 GP - Silver ewer</name>
		<type>$</type>
        <magic></magic>
		<value>25gp</value>
		<weight>0</weight>
		<text>This art object is worth 25 gp.</text>
		<text />
		<text>Source: Dungeon Master's Guide, page 134</text>
	</item>
	<item>
		<name>25 GP - Carved bone statuette</name>
		<type>$</type>
        <magic></magic>
		<value>25gp</value>
		<weight>0</weight>
		<text>This art object is worth 25 gp.</text>
		<text />
		<text>Source: Dungeon Master's Guide, page 134</text>
	</item>
	<item>
		<name>25 GP - Small gold bracelet</name>
		<type>$</type>
        <magic></magic>
		<value>25gp</value>
		<weight>0</weight>
		<text>This art object is worth 25 gp.</text>
		<text />
		<text>Source: Dungeon Master's Guide, page 134</text>
	</item>
	<item>
		<name>25 GP - Cloth-of-gold vestments</name>
		<type>$</type>
        <magic></magic>
		<value>25gp</value>
		<weight>0</weight>
		<text>This art object is worth 25 gp.</text>
		<text />
		<text>Source: Dungeon Master's Guide, page 134</text>
	</item>
	<item>
		<name>25 GP - Black velvet mask stitched with silver thread</name>
		<type>$</type>
        <magic></magic>
		<value>25gp</value>
		<weight>0</weight>
		<text>This art object is worth 25 gp.</text>
		<text />
		<text>Source: Dungeon Master's Guide, page 134</text>
	</item>
	<item>
		<name>25 GP - Copper chalice with silver filigree</name>
		<type>$</type>
        <magic></magic>
		<value>25gp</value>
		<weight>0</weight>
		<text>This art object is worth 25 gp.</text>
		<text />
		<text>Source: Dungeon Master's Guide, page 134</text>
	</item>
	<item>
		<name>25 GP - Pair of engraved bone dice</name>
		<type>$</type>
        <magic></magic>
		<value>25gp</value>
		<weight>0</weight>
		<text>This art object is worth 25 gp.</text>
		<text />
		<text>Source: Dungeon Master's Guide, page 134</text>
	</item>
	<item>
		<name>25 GP - Small mirror set in a painted wooden frame</name>
		<type>$</type>
        <magic></magic>
		<value>25gp</value>
		<weight>0</weight>
		<text>This art object is worth 25 gp.</text>
		<text />
		<text>Source: Dungeon Master's Guide, page 134</text>
	</item>
	<item>
		<name>25 GP - Embroidered silk handkerchief</name>
		<type>$</type>
        <magic></magic>
		<value>25gp</value>
		<weight>0</weight>
		<text>This art object is worth 25 gp.</text>
		<text />
		<text>Source: Dungeon Master's Guide, page 134</text>
	</item>
	<item>
		<name>25 GP - Gold locket with a painted portrait inside</name>
		<type>$</type>
        <magic></magic>
		<value>25gp</value>
		<weight>0</weight>
		<text>This art object is worth 25 gp.</text>
		<text />
		<text>Source: Dungeon Master's Guide, page 134</text>
	</item>
	<item>
		<name>250 GP - Gold ring set with bloodstones</name>
		<type>$</type>
        <magic></magic>
		<value>250gp</value>
		<weight>0</weight>
		<text>This art object is worth 250 gp.</text>
		<text />
		<text>Source: Dungeon Master's Guide, page 135</text>
	</item>
	<item>
		<name>250 GP - Carved ivory statuette</name>
		<type>$</type>
        <magic></magic>
		<value>250gp</value>
		<weight>0</weight>
		<text>This art object is worth 250 gp.</text>
		<text />
		<text>Source: Dungeon Master's Guide, page 135</text>
	</item>
	<item>
		<name>250 GP - Large gold bracelet</name>
		<type>$</type>
        <magic></magic>
		<value>250gp</value>
		<weight>0</weight>
		<text>This art object is worth 250 gp.</text>
		<text />
		<text>Source: Dungeon Master's Guide, page 135</text>
	</item>
	<item>
		<name>250 GP - Silver necklace with a gemstone pendant</name>
		<type>$</type>
        <magic></magic>
		<value>250gp</value>
		<weight>0</weight>
		<text>This art object is worth 250 gp.</text>
		<text />
		<text>Source: Dungeon Master's Guide, page 135</text>
	</item>
	<item>
		<name>250 GP - Bronze crown</name>
		<type>$</type>
        <magic></magic>
		<value>250gp</value>
		<weight>0</weight>
		<text>This art object is worth 250 gp.</text>
		<text />
		<text>Source: Dungeon Master's Guide, page 135</text>
	</item>
	<item>
		<name>250 GP - Silk robe with gold embroidery</name>
		<type>$</type>
        <magic></magic>
		<value>250gp</value>
		<weight>0</weight>
		<text>This art object is worth 250 gp.</text>
		<text />
		<text>Source: Dungeon Master's Guide, page 135</text>
	</item>
	<item>
		<name>250 GP - Large well-made tapestry</name>
		<type>$</type>
        <magic></magic>
		<value>250gp</value>
		<weight>0</weight>
		<text>This art object is worth 250 gp.</text>
		<text />
		<text>Source: Dungeon Master's Guide, page 135</text>
	</item>
	<item>
		<name>250 GP - Brass mug with jade inlay</name>
		<type>$</type>
        <magic></magic>
		<value>250gp</value>
		<weight>0</weight>
		<text>This art object is worth 250 gp.</text>
		<text />
		<text>Source: Dungeon Master's Guide, page 135</text>
	</item>
	<item>
		<name>250 GP - Box of turquoise animal figurines</name>
		<type>$</type>
        <magic></magic>
		<value>250gp</value>
		<weight>0</weight>
		<text>This art object is worth 250 gp.</text>
		<text />
		<text>Source: Dungeon Master's Guide, page 135</text>
	</item>
	<item>
		<name>250 GP - Gold bird cage with electrum filigree</name>
		<type>$</type>
        <magic></magic>
		<value>250gp</value>
		<weight>0</weight>
		<text>This art object is worth 250 gp.</text>
		<text />
		<text>Source: Dungeon Master's Guide, page 135</text>
	</item>
	<item>
		<name>750 GP - Silver chalice set with moonstones</name>
		<type>$</type>
        <magic></magic>
		<value>750gp</value>
		<weight>0</weight>
		<text>This art object is worth 750 gp.</text>
		<text />
		<text>Source: Dungeon Master's Guide, page 135</text>
	</item>
	<item>
		<name>750 GP - Silver-plated steel longsword with jet set in hilt</name>
		<type>$</type>
        <magic></magic>
		<value>750gp</value>
		<weight>0</weight>
		<text>This art object is worth 750 gp.</text>
		<text />
		<text>Source: Dungeon Master's Guide, page 135</text>
	</item>
	<item>
		<name>750 GP - Carved harp of exotic wood with ivory inlay and zircon gems</name>
		<type>$</type>
        <magic></magic>
		<value>750gp</value>
		<weight>0</weight>
		<text>This art object is worth 750 gp.</text>
		<text />
		<text>Source: Dungeon Master's Guide, page 135</text>
	</item>
	<item>
		<name>750 GP - Small gold idol</name>
		<type>$</type>
        <magic></magic>
		<value>750gp</value>
		<weight>0</weight>
		<text>This art object is worth 750 gp.</text>
		<text />
		<text>Source: Dungeon Master's Guide, page 135</text>
	</item>
	<item>
		<name>750 GP - Gold dragon comb set with red garnets as eyes</name>
		<type>$</type>
        <magic></magic>
		<value>750gp</value>
		<weight>0</weight>
		<text>This art object is worth 750 gp.</text>
		<text />
		<text>Source: Dungeon Master's Guide, page 135</text>
	</item>
	<item>
		<name>750 GP - Bottle stopper cork embossed with gold leaf and set with amethysts</name>
		<type>$</type>
        <magic></magic>
		<value>750gp</value>
		<weight>0</weight>
		<text>This art object is worth 750 gp.</text>
		<text />
		<text>Source: Dungeon Master's Guide, page 135</text>
	</item>
	<item>
		<name>750 GP - Ceremonial electrum dagger with a black pearl in the pommel</name>
		<type>$</type>
        <magic></magic>
		<value>750gp</value>
		<weight>0</weight>
		<text>This art object is worth 750 gp.</text>
		<text />
		<text>Source: Dungeon Master's Guide, page 135</text>
	</item>
	<item>
		<name>750 GP - Silver and gold brooch</name>
		<type>$</type>
        <magic></magic>
		<value>750gp</value>
		<weight>0</weight>
		<text>This art object is worth 750 gp.</text>
		<text />
		<text>Source: Dungeon Master's Guide, page 135</text>
	</item>
	<item>
		<name>750 GP - Obsidian statuette with gold fittings and inlay</name>
		<type>$</type>
        <magic></magic>
		<value>750gp</value>
		<weight>0</weight>
		<text>This art object is worth 750 gp.</text>
		<text />
		<text>Source: Dungeon Master's Guide, page 135</text>
	</item>
	<item>
		<name>750 GP - Painted gold war mask</name>
		<type>$</type>
        <magic></magic>
		<value>750gp</value>
		<weight>0</weight>
		<text>This art object is worth 750 gp.</text>
		<text />
		<text>Source: Dungeon Master's Guide, page 135</text>
	</item>
	<item>
		<name>2500 GP - Fine gold chain set with a fire opal</name>
		<type>$</type>
        <magic></magic>
		<value>2500gp</value>
		<weight>0</weight>
		<text>This art object is worth 2500 gp.</text>
		<text />
		<text>Source: Dungeon Master's Guide, page 135</text>
	</item>
	<item>
		<name>2500 GP - Old masterpiece painting</name>
		<type>$</type>
        <magic></magic>
		<value>2500gp</value>
		<weight>0</weight>
		<text>This art object is worth 2500 gp.</text>
		<text />
		<text>Source: Dungeon Master's Guide, page 135</text>
	</item>
	<item>
		<name>2500 GP - Embroidered silk and velvet mantle set with numerous moonstones</name>
		<type>$</type>
        <magic></magic>
		<value>2500gp</value>
		<weight>0</weight>
		<text>This art object is worth 2500 gp.</text>
		<text />
		<text>Source: Dungeon Master's Guide, page 135</text>
	</item>
	<item>
		<name>2500 GP - Platinum bracelet set with a sapphire</name>
		<type>$</type>
        <magic></magic>
		<value>2500gp</value>
		<weight>0</weight>
		<text>This art object is worth 2500 gp.</text>
		<text />
		<text>Source: Dungeon Master's Guide, page 135</text>
	</item>
	<item>
		<name>2500 GP - Embroidered glove set with jewel chips</name>
		<type>$</type>
        <magic></magic>
		<value>2500gp</value>
		<weight>0</weight>
		<text>This art object is worth 2500 gp.</text>
		<text />
		<text>Source: Dungeon Master's Guide, page 135</text>
	</item>
	<item>
		<name>2500 GP - Jeweled anklet</name>
		<type>$</type>
        <magic></magic>
		<value>2500gp</value>
		<weight>0</weight>
		<text>This art object is worth 2500 gp.</text>
		<text />
		<text>Source: Dungeon Master's Guide, page 135</text>
	</item>
	<item>
		<name>2500 GP - Gold music box</name>
		<type>$</type>
        <magic></magic>
		<value>2500gp</value>
		<weight>0</weight>
		<text>This art object is worth 2500 gp.</text>
		<text />
		<text>Source: Dungeon Master's Guide, page 135</text>
	</item>
	<item>
		<name>2500 GP - Gold circlet set with four aquamarines</name>
		<type>$</type>
        <magic></magic>
		<value>2500gp</value>
		<weight>0</weight>
		<text>This art object is worth 2500 gp.</text>
		<text />
		<text>Source: Dungeon Master's Guide, page 135</text>
	</item>
	<item>
		<name>2500 GP - Eye patch with a mock eye set in blue sapphire and moonstone</name>
		<type>$</type>
        <magic></magic>
		<value>2500gp</value>
		<weight>0</weight>
		<text>This art object is worth 2500 gp.</text>
		<text />
		<text>Source: Dungeon Master's Guide, page 135</text>
	</item>
	<item>
		<name>2500 GP - A necklace string of small pink pearls</name>
		<type>$</type>
        <magic></magic>
		<value>2500gp</value>
		<weight>0</weight>
		<text>This art object is worth 2500 gp.</text>
		<text />
		<text>Source: Dungeon Master's Guide, page 135</text>
	</item>
	<item>
		<name>7500 GP - Jeweled gold crown</name>
		<type>$</type>
        <magic></magic>
		<value>7500gp</value>
		<weight>0</weight>
		<text>This art object is worth 7500 gp.</text>
		<text />
		<text>Source: Dungeon Master's Guide, page 135</text>
	</item>
	<item>
		<name>7500 GP - Jeweled platinum ring</name>
		<type>$</type>
        <magic></magic>
		<value>7500gp</value>
		<weight>0</weight>
		<text>This art object is worth 7500 gp.</text>
		<text />
		<text>Source: Dungeon Master's Guide, page 135</text>
	</item>
	<item>
		<name>7500 GP - Small gold statuette set with rubies</name>
		<type>$</type>
        <magic></magic>
		<value>7500gp</value>
		<weight>0</weight>
		<text>This art object is worth 7500 gp.</text>
		<text />
		<text>Source: Dungeon Master's Guide, page 135</text>
	</item>
	<item>
		<name>7500 GP - Gold cup set with emeralds</name>
		<type>$</type>
        <magic></magic>
		<value>7500gp</value>
		<weight>0</weight>
		<text>This art object is worth 7500 gp.</text>
		<text />
		<text>Source: Dungeon Master's Guide, page 135</text>
	</item>
	<item>
		<name>7500 GP - Gold jewelry box with platinum filigree</name>
		<type>$</type>
        <magic></magic>
		<value>7500gp</value>
		<weight>0</weight>
		<text>This art object is worth 7500 gp.</text>
		<text />
		<text>Source: Dungeon Master's Guide, page 135</text>
	</item>
	<item>
		<name>7500 GP - Painted gold child's sarcophagus</name>
		<type>$</type>
        <magic></magic>
		<value>7500gp</value>
		<weight>0</weight>
		<text>This art object is worth 7500 gp.</text>
		<text />
		<text>Source: Dungeon Master's Guide, page 135</text>
	</item>
	<item>
		<name>7500 GP - Jade game board with solid gold playing pieces</name>
		<type>$</type>
        <magic></magic>
		<value>7500gp</value>
		<weight>0</weight>
		<text>This art object is worth 7500 gp.</text>
		<text />
		<text>Source: Dungeon Master's Guide, page 135</text>
	</item>
	<item>
		<name>7500 GP - Bejeweled ivory drinking horn with gold filigree</name>
		<type>$</type>
        <magic></magic>
		<value>7500gp</value>
		<weight>0</weight>
		<text>This art object is worth 7500 gp.</text>
		<text />
		<text>Source: Dungeon Master's Guide, page 135</text>
	</item>
</compendium>
