<?xml version="1.0" encoding="UTF-8"?>
<compendium version="5">
<!-- These backgrounds are legal for Adventurers League play: -->
<!-- see http://dndadventurersleague.org/bonds-and-backgrounds-for-hillsfar/ -->
	<background>
		<name>Cormanthor Refugee</name>
		<proficiency>Nature, Survival</proficiency>
		<trait>
			<name>Skill Proficiencies</name>
			<text>Nature, Survival</text>
		</trait>
		<trait>
			<name>Tool Proficiencies</name>
			<text>One type of artisan's tools</text>
		</trait>
		<trait>
			<name>Languages</name>
			<text>Elven</text>
		</trait>
		<trait>
			<name>Equipment</name>
			<text>A two-person tent, artisan's tools, a holy symbol, a set of traveler's clothes, a belt pouch, 5 gp</text>
		</trait>
		<trait>
			<name>Starting Lifestyle</name>
			<text>Poor</text>
		</trait>
		<trait>
			<name>Feature: Shelter of the Elven Clergy</name>
			<text>The clerics of Elventree have vowed to care for the Cormanthor refugees. They will help you when they can, including providing you and your companions with free healing and care at temples, shrines, and other established presences in Elventree. They will also provide you (but only you) with a poor lifestyle.</text>
			<text>    [Note: This feature is a variant of the Acolyte feature.]</text>
		</trait>
	</background>
	<background>
		<name>Gate Urchin</name>
		<proficiency>Deception, Sleight of Hand</proficiency>
		<trait>
			<name>Skill Proficiencies</name>
			<text>Athletics, Survival</text>
		</trait>
		<trait>
			<name>Tool Proficiencies</name>
			<text>Thieves' tools, one type of musical instrument</text>
		</trait>
		<trait>
			<name>Equipment</name>
			<text>A battered alms box, a musical instrument, a cast-off military jacket, cap, or scarf, a set of common clothes, a belt pouch, and 10 gp</text>
		</trait>
		<trait>
			<name>Starting Lifestyle</name>
			<text>Poor</text>
		</trait>
		<trait>
			<name>Feature: Red Plume and Mage Guild Contacts</name>
			<text>You made a number of friends among the Red Plumes and the Mage's Guild when you lived at the Hillsfar Gate. They remember you fondly and help you in little ways when they can. You can invoke their assistance in and around Hillsfar to obtain food, as well as simple equipment for temporary use. You can also invoke it to gain access to the low-security areas of their garrisons, halls, and encampments.</text>
			<text>    [Note: This feature is a variant of the Soldier feature.]</text>
		</trait>
	</background>
	<background>
		<name>Hillsfar Merchant</name>
		<proficiency>Insight, Persuasion</proficiency>
		<trait>
			<name>Skill Proficiencies</name>
			<text>Insight, Persuasion</text>
		</trait>
		<trait>
			<name>Tool Proficiencies</name>
			<text>Land vehicles and water vehicles</text>
		</trait>
		<trait>
			<name>Equipment</name>
			<text>A fine set of clothes, a signet ring, a letter of introduction from your family's trading house, and a purse containing 25 gp</text>
		</trait>
		<trait>
			<name>Starting Lifestyle</name>
			<text>Wealthy</text>
		</trait>
		<trait>
			<name>Feature: Factor</name>
			<text>Although you’ve left the day-to-day life of a merchant behind, your family has assigned you the services of a loyal retainer from the business, a factor, husbanding agent, seafarer, caravan guard, or clerk. This individual is a commoner who can perform mundane tasks for you such as making purchases, delivering messages, and running errands. He or she will not fight for you and will not follow you into obviously dangerous areas (such as dungeons), and will leave if frequently endangered or abused. If he or she is killed, the family assigns you another within a few days.</text>
			<text>    [Note: This feature is a variant of the Noble Knight feature.]</text>
		</trait>
		<trait>
			<name>Alternate Feature: Trade Contact</name>
			<text>You and your family have trade contacts such as caravan masters, shopkeepers, sailors, artisans, and farmers throughout the Moonsea region and all along the Sword Coast. Once per game session, when adventuring in either of those areas, you can use those contacts to get information about the local area or to pass a message to someone in those areas, even across the great distance between the two areas.</text>
			<text>    [Note: This feature is a variant of the Criminal Contact and Researcher feature.]</text>
		</trait>
	</background>
	<background>
		<name>Hillsfar Smuggler</name>
		<proficiency>Perception, Stealth</proficiency>
		<trait>
			<name>Skill Proficiencies</name>
			<text>Perception, Stealth</text>
		</trait>
		<trait>
			<name>Tool Proficiencies</name>
			<text>Forgery kit</text>
		</trait>
		<trait>
			<name>Languages</name>
			<text>One racial language</text>
		</trait>
		<trait>
			<name>Equipment</name>
			<text>A forgery kit, a set of common clothes, a belt pouch, and 5 gp</text>
		</trait>
		<trait>
			<name>Starting Lifestyle</name>
			<text>Modest</text>
		</trait>
		<trait>
			<name>Feature: Secret Passage</name>
			<text>You can call on your contacts within the smuggling community to secure secret passage into or out of Hillsfar for yourself and your adventuring companions, no questions asked, and no Red Plume entanglements. Because you’re calling in a favor, you can’t be certain they will be able to help on your timetable or at all. Your Dungeon Master will determine whether you can be smuggled into or out of the city. In return for your passage, you and your companions may owe the Rouges Guild a favor and/or may have to pay bribes.</text>
			<text>    [Note: This feature is a variant of the Sailor feature.]</text>
		</trait>
	</background>
	<background>
		<name>Secret Identity</name>
		<proficiency>Deception, Stealth</proficiency>
		<trait>
			<name>Skill Proficiencies</name>
			<text>Deception, Stealth</text>
		</trait>
		<trait>
			<name>Tool Proficiencies</name>
			<text>Disguise kit, forgery kit</text>
		</trait>
		<trait>
			<name>Equipment</name>
			<text>A disguise kit, a forgery kit, a set of common clothes, a belt pouch, 5 gp</text>
		</trait>
		<trait>
			<name>Starting Lifestyle</name>
			<text>Modest</text>
		</trait>
		<trait>
			<name>Feature: Secret Identity</name>
			<text>You have created a secret identity that you use to conceal your true race and that offers a covering explanation for your presence in Hillsfar. In addition, you can forge documents, including official papers and personal letters, as long as you have seen an example of the kind of document or the handwriting you are trying to copy.</text>
			<text>    [Note: This feature is a variant of the Charlatan feature.]</text>
		</trait>
	</background>
	<background>
		<name>Shade Fanatic</name>
		<proficiency>Deception, Intimidation</proficiency>
		<trait>
			<name>Skill Proficiencies</name>
			<text>Deception, Intimidation</text>
		</trait>
		<trait>
			<name>Tool Proficiencies</name>
			<text>Forgery kit</text>
		</trait>
		<trait>
			<name>Languages</name>
			<text>Netherese</text>
		</trait>
		<trait>
			<name>Equipment</name>
			<text>A forgery kit, a transparent cylinder of shadow that has no opening, a signet ring, a set of fine clothes, and 15 gp</text>
		</trait>
		<trait>
			<name>Starting Lifestyle</name>
			<text>Moderate</text>
		</trait>
		<trait>
			<name>Feature: Secret Society</name>
			<text>You have a special way of communicating with others who feel the same way you do about the Shade. When you enter a village or larger city you can identify contact who will give you information on those that would hinder your goals and those would help you simply because of your desire to see the Shade Enclave return in all its glory.</text>
			<text>    [Note: This feature is a variant of the Criminal feature.]</text>
		</trait>
	</background>
	<background>
		<name>Trade Sherrif</name>
		<proficiency>Investigation, Persuasion</proficiency>
		<trait>
			<name>Skill Proficiencies</name>
			<text>Investigation, Persuasion</text>
		</trait>
		<trait>
			<name>Tool Proficiencies</name>
			<text>Thieves kit</text>
		</trait>
		<trait>
			<name>Languages</name>
			<text>Elven</text>
		</trait>
		<trait>
			<name>Equipment</name>
			<text>A thieves kit, a gray cloak, Sherrif's insignia (badge), a set of fine clothes, and 17 gp</text>
		</trait>
		<trait>
			<name>Starting Lifestyle</name>
			<text>Moderate</text>
		</trait>
		<trait>
			<name>Feature: Investigative Services</name>
			<text>You are part of a small force outside of Hillsfar You have a special way of communicating with others and they seem to be at ease around you. You can invoke your rank to allow you access to a crime scene or to requisition equipment or horses on a temporary basis. When you enter a town or village around Hillsfar you can identify a contact who will give you information on the local rumors and would help you simply because of your desire to get answers and information for anyone wanting to disrupt trade.</text>
			<text>    [Note: This feature is a variant of the Soldier feature.]</text>
		</trait>
	</background>
</compendium>
