<?xml version="1.0" encoding="UTF-8"?>
<compendium version="5">
	<race>
		<name>Aarakocra</name>
		<size>M</size>
		<speed>25</speed>
		<ability>Dex 2, Wis 1</ability>
		<trait>
			<name>Flight</name>
			<text>You have a flying speed of 50 feet. To use this speed, you can't be wearing medium or heavy armor.</text>
		</trait>
		<trait>
			<name>Talons</name>
			<text>You are proficient with your unarmed strikes, which deal 1d4 slashing damage on a hit.</text>
		</trait>
		<trait>
			<name>Language</name>
			<text>You can speak, read, and write Common, Aarakocra, and Auran.</text>
		</trait>
	</race>
	<race>
		<name>Genasi (Air)</name>
		<size>M</size>
		<speed>30</speed>
		<ability>Con 2, Dex 1</ability>
		<trait>
			<name>Unending Breath</name>
			<text>You can hold your breath indefinitely while you're not incapacitated.</text>
		</trait>
		<trait>
			<name>Mingle with the Wind</name>
			<text>You can cast the levitate spell once with this trait, requiring no material components, and you regain the ability to cast it this way when you finish a long rest. Constitution is your spellcasting ability for this spell.</text>
		</trait>
		<trait>
			<name>Languages</name>
			<text>You can speak, read, and write Common and Primordial. Primordial is a guttural language, filled with harsh syllables and hard consonants.</text>
		</trait>
	</race>
	<race>
		<name>Elf (Drow)</name>
		<size>M</size>
		<speed>30</speed>
		<ability>Dex 2, Cha 1</ability>
		<proficiency>Perception</proficiency>
		<trait>
			<name>Superior Darkvision</name>
			<text>Accustomed to the depths of the Underdark, you have superior vision in dark and dim conditions. You can see in dim light within 120 feet of you as if it were bright light, and in darkness as if it were dim light. You can't discern color in darkness, only shades of gray.</text>
		</trait>
		<trait>
			<name>Keen Senses</name>
			<text>You have proficiency in the Perception skill.</text>
		</trait>
		<trait>
			<name>Fey Ancestry</name>
			<text>You have advantage on saving throws against being charmed, and magic can't put you to sleep.</text>
		</trait>
		<trait>
			<name>Trance</name>
			<text>Elves don't need to sleep. Instead, they meditate deeply, remaining semiconscious, for 4 hours a day. (The Common word for such meditation is "trance.") While meditating, you can dream after a fashion; such dreams are actually mental exercises that have become reflexive through years of practice. After resting in this way, you gain the same benefit that a human does from 8 hours of sleep.</text>
		</trait>
		<trait>
			<name>Languages</name>
			<text>You can speak, read, and write Common and Elvish. Elvish is fluid, with subtle intonations and intricate grammar. Elven literature is rich and varied, and their songs and poems are famous among other races. Many bards learn their language so they can add Elvish ballads to their repertoires.</text>
		</trait>
		<trait>
			<name>Sunlight Sensitivity</name>
			<text>You have disadvantage on attack rolls and on Wisdom (Perception) checks that rely on sight when you, the target of your attack, or whatever you are trying to perceive is in direct sunlight.</text>
		</trait>
		<trait>
			<name>Drow Magic</name>
			<text>You know the dancing lights cantrip. When you reach 3rd level, you can cast the faerie fire spell once per day; you must finish a long rest in order to cast the spell again using this trait. When you reach 5th level, you can also cast the darkness spell once per day; you must finish a long rest in order to cast the spell again using this trait. Charisma is your spellcasting ability for these spells.</text>
		</trait>
		<trait>
			<name>Drow Weapon Training</name>
			<text>You have proficiency with rapiers, shortswords, and hand crossbows.</text>
		</trait>
	</race>
	<race>
		<name>Gnome (Deep)</name>
		<size>S</size>
		<speed>25</speed>
		<ability>Int 2, Dex 1</ability>
		<trait>
			<name>Superior Darkvision</name>
			<text>Accustomed to life underground, you have superior vision in dark and dim conditions. You can see in dim light within 120 feet of you as if it were bright light, and in darkness as if it were dim light. You can't discern color in darkness, only shades of gray.</text>
		</trait>
		<trait>
			<name>Gnome Cunning</name>
			<text>You have advantage on all Intelligence, Wisdom, and Charisma saving throws against magic.</text>
		</trait>
		<trait>
			<name>Stone Camouflage</name>
			<text>You have advantage on Dexterity (stealth) checks to hide in rocky terrain.</text>
		</trait>
		<trait>
			<name>Languages</name>
			<text>You can speak, read, and write Common, Gnomish, and Undercommon. The svirfneblin dialect is more guttural than surface Gnomish, and most svirfneblin know only a little bit of Common, but those who deal with outsiders (and that includes you as an adventurer) pick up enough Common to get by in other lands.</text>
		</trait>
	</race>
	<race>
		<name>Dragonborn</name>
		<size>M</size>
		<speed>30</speed>
		<ability>Str 2, Cha 1</ability>
		<trait>
			<name>Draconic Ancestry</name>
			<text>You have draconic ancestry. Choose one type of dragon from the Draconic Ancestry table. Your breath weapon and damage resistance are determined by the dragon type, as shown in the table. (Player's Handbook p. 34)</text>
		</trait>
		<trait>
			<name>Breath Weapon</name>
			<text>You can use your action to exhale destructive energy. Your draconic ancestry determines the size, shape, and damage type of the exhalation.</text>
			<text />
			<text>When you use your breath weapon, each creature in the area of the exhalation must make a saving throw, the type of which is determined by your draconic ancestry. The DC for this saving throw equals 8 + your Constitution modifier + your proficiency bonus. A creature takes 2d6 damage on a failed save, and half as much damage on a successful one. The damage increases to 3d6 at 6th level, 4d6 at 11th level, and 5d6 at 16th level.</text>
			<text />
			<text>After you use your breath weapon, you can't use it again until you complete a short or long rest.</text>
		</trait>
		<trait>
			<name>Damage Resistance</name>
			<text>You have resistance to the damage type associated with your draconic ancestry.</text>
		</trait>
		<trait>
			<name>Languages</name>
			<text>You can speak, read, and write Common and Draconic. Draconic is thought to be one of the oldest languages and is often used in the study of magic. The language sounds harsh to most other creatures and includes numerous hard consonants and sibilants.</text>
		</trait>
	</race>
	<race>
		<name>Genasi (Earth)</name>
		<size>M</size>
		<speed>30</speed>
		<ability>Con 2, Str 1</ability>
		<trait>
			<name>Earth Walk</name>
			<text>You can move across difficult terrain made of earth or stone without expending extra movement.</text>
		</trait>
		<trait>
			<name>Merge with Stone</name>
			<text>You can cast the pass without trace spell once with this trait, requiring no material components, and you regain the ability to cast it this way when you finish a long rest. Constitution is your spellcasting ability for this spell.</text>
		</trait>
		<trait>
			<name>Languages</name>
			<text>You can speak, read, and write Common and Primordial. Primordial is a guttural language, filled with harsh syllables and hard consonants.</text>
		</trait>
	</race>
	<race>
		<name>Elf (Eladrin)</name>
		<size>M</size>
		<speed>30</speed>
		<ability>Dex 2, Int 1</ability>
		<proficiency>Perception</proficiency>
		<trait>
			<name>Darkvision</name>
			<text>Accustomed to twilit forests and the night sky, you have superior vision in dark and dim conditions. You can see in dim light within 60 feet of you as if it were bright light, and in darkness as if it were dim light. You can't discern color in darkness, only shades of gray.</text>
		</trait>
		<trait>
			<name>Keen Senses</name>
			<text>You have proficiency in the Perception skill.</text>
		</trait>
		<trait>
			<name>Fey Ancestry</name>
			<text>You have advantage on saving throws against being charmed, and magic can't put you to sleep.</text>
		</trait>
		<trait>
			<name>Trance</name>
			<text>Elves don't need to sleep. Instead, they meditate deeply, remaining semiconscious, for 4 hours a day. (The Common word for such meditation is "trance.") While meditating, you can dream after a fashion; such dreams are actually mental exercises that have become reflexive through years of practice. After resting in this way, you gain the same benefit that a human does from 8 hours of sleep.</text>
		</trait>
		<trait>
			<name>Languages</name>
			<text>You can speak, read, and write Common and Elvish. Elvish is fluid, with subtle intonations and intricate grammar. Elven literature is rich and varied, and their songs and poems are famous among other races. Many bards learn their language so they can add Elvish ballads to their repertoires.</text>
		</trait>
		<trait>
			<name>Elf Weapon Training</name>
			<text>You have proficiency with the longsword, shortsword, shortbow, and longbow.</text>
		</trait>
		<trait>
			<name>Fey Step</name>
			<text>You can cast the misty step spell once using this trait. You regain the ability to do so when you finish a short or long rest.</text>
		</trait>
	</race>
	<race>
		<name>Genasi (Fire)</name>
		<size>M</size>
		<speed>30</speed>
		<ability>Con 2, Int 1</ability>
		<trait>
			<name>Darkvision</name>
			<text>You can see in dim light within 60 feet of you as if it were bright light, and in darkness as if it were dim light. Your ties to the Elemental Plane of Fire make your darkvision unusual: everything you see in darkness is in a shade of red.</text>
		</trait>
		<trait>
			<name>Fire Resistance</name>
			<text>You have resistance to fire damage.</text>
		</trait>
		<trait>
			<name>Reach to the Blaze</name>
			<text>You know the produce flame cantrip. Once you reach 3rd level, you can cast the burning hands spell once with this trait as a 1st-level spell, and you regain the ability to cast it this way when you finish a long rest. Constitution is your spellcasting ability for these spells.</text>
		</trait>
		<trait>
			<name>Languages</name>
			<text>You can speak, read, and write Common and Primordial. Primordial is a guttural language, filled with harsh syllables and hard consonants.</text>
		</trait>
	</race>
	<race>
		<name>Gnome (Forest)</name>
		<size>S</size>
		<speed>25</speed>
		<ability>Int 2, Dex 1</ability>
		<trait>
			<name>Darkvision</name>
			<text>Accustomed to life underground, you have superior vision in dark and dim conditions. You can see in dim light within 60 feet of you as if it were bright light, and in darkness as if it were dim light. You can't discern color in darkness, only shades of gray.</text>
		</trait>
		<trait>
			<name>Gnome Cunning</name>
			<text>You have advantage on all Intelligence, Wisdom, and Charisma saving throws against magic.</text>
		</trait>
		<trait>
			<name>Languages</name>
			<text>You can speak, read, and write Common and Gnomish. The Gnomish language, which uses the Dwarvish script, is renowned for its technical treatises and its catalogs of knowledge about the natural world.</text>
		</trait>
		<trait>
			<name>Natural Illusionist</name>
			<text>You know the minor illusion cantrip. Intelligence is your spellcasting ability for it.</text>
		</trait>
		<trait>
			<name>Speak with Small Beasts</name>
			<text>Through sounds and gestures, you can communicate simple ideas with Small or smaller beasts. Forest gnomes love animals and often keep squirrels, badgers, rabbits, moles, woodpeckers, and other creatures as beloved pets.</text>
		</trait>
	</race>
	<race>
		<name>Goliath</name>
		<size>M</size>
		<speed>30</speed>
		<ability>Str 2, Con 1</ability>
		<proficiency>Athletics</proficiency>
		<trait>
			<name>Natural Athlete</name>
			<text>You have proficiency in the Athletics skill.</text>
		</trait>
		<trait>
			<name>Stone's Endurance</name>
			<text>You can focus yourself to occasionally shrug off injury. When you take damage, you can use your reaction to roll a d12. Add your Constitution modifier to the number rolled, and reduce the damage by that total. After you use this trait, you can't use it again until you finish a short or long rest.</text>
		</trait>
		<trait>
			<name>Powerful Build</name>
			<text>You count as one size larger when determining your carrying capacity and the weight you can push, drag, or lift.</text>
		</trait>
		<trait>
			<name>Mountain Born</name>
			<text>You're acclimated to high altitude, including elevations above 20,000 feet. You're also naturally adapted to cold climates, as described in chapter 5 of the Dungeon Master's Guide.</text>
		</trait>
		<trait>
			<name>Languages</name>
			<text>You can speak, read, and write Common and Giant.</text>
		</trait>
	</race>
	<race>
		<name>Half-Elf</name>
		<size>M</size>
		<speed>30</speed>
		<ability>Cha 2</ability>
		<trait>
			<name>Ability Score Increase</name>
			<text>Two different ability scores of your choice increase by 1.</text>
		</trait>
		<trait>
			<name>Darkvision</name>
			<text>Thanks to your elf blood, you have superior vision in dark and dim conditions. You can see in dim light within 60 feet of you as if it were bright light, and in darkness as if it were dim light. You can't discern color in darkness, only shades of gray.</text>
		</trait>
		<trait>
			<name>Fey Ancestry</name>
			<text>You have advantage on saving throws against being charmed, and magic can't put you to sleep.</text>
		</trait>
		<trait>
			<name>Skill Versatility</name>
			<text>You gain proficiency in two skills of your choice.</text>
		</trait>
		<trait>
			<name>Languages</name>
			<text>You can speak, read, and write Common, Elvish, and one extra language of your choice.</text>
		</trait>
	</race>
	<race>
		<name>Half-Orc</name>
		<size>M</size>
		<speed>30</speed>
		<ability>Str 2, Con 1</ability>
		<proficiency>Intimidation</proficiency>
		<trait>
			<name>Darkvision</name>
			<text>Thanks to your orc blood, you have superior vision in dark and dim conditions. You can see in dim light within 60 feet of you as if it were bright light, and in darkness as if it were dim light. You can't discern color in darkness, only shades of gray.</text>
		</trait>
		<trait>
			<name>Menacing</name>
			<text>You gain proficiency in the Intimidation skill.</text>
		</trait>
		<trait>
			<name>Relentless Endurance</name>
			<text>When you are reduced to 0 hit points but not killed outright, you can drop to 1 hit point instead. You can't use this feature again until you finish a long rest.</text>
		</trait>
		<trait>
			<name>Savage Attacks</name>
			<text>When you score a critical hit with a melee weapon attack, you can roll one of the weapon's damage dice one additional time and add it to the extra damage of the critical hit.</text>
		</trait>
		<trait>
			<name>Languages</name>
			<text>You can speak, read, and write Common and Orc. Orc is a harsh, grating language with hard consonants. It has no script of its own but is written in the Dwarvish script.</text>
		</trait>
	</race>
	<race>
		<name>Elf (High)</name>
		<size>M</size>
		<speed>30</speed>
		<ability>Dex 2, Int 1</ability>
		<proficiency>Perception</proficiency>
		<trait>
			<name>Darkvision</name>
			<text>Accustomed to twilit forests and the night sky, you have superior vision in dark and dim conditions. You can see in dim light within 60 feet of you as if it were bright light, and in darkness as if it were dim light. You can't discern color in darkness, only shades of gray.</text>
		</trait>
		<trait>
			<name>Keen Senses</name>
			<text>You have proficiency in the Perception skill.</text>
		</trait>
		<trait>
			<name>Fey Ancestry</name>
			<text>You have advantage on saving throws against being charmed, and magic can't put you to sleep.</text>
		</trait>
		<trait>
			<name>Trance</name>
			<text>Elves don't need to sleep. Instead, they meditate deeply, remaining semiconscious, for 4 hours a day. (The Common word for such meditation is "trance.") While meditating, you can dream after a fashion; such dreams are actually mental exercises that have become reflexive through years of practice. After resting in this way, you gain the same benefit that a human does from 8 hours of sleep.</text>
		</trait>
		<trait>
			<name>Languages</name>
			<text>You can speak, read, and write Common, Elvish, and one extra language of your choice. Elvish is fluid, with subtle intonations and intricate grammar. Elven literature is rich and varied, and their songs and poems are famous among other races. Many bards learn their language so they can add Elvish ballads to their repertoires.</text>
		</trait>
		<trait>
			<name>Elf Weapon Training</name>
			<text>You have proficiency with the longsword, shortsword, shortbow, and longbow.</text>
		</trait>
		<trait>
			<name>Cantrip</name>
			<text>You know one cantrip of your choice from the wizard spell list. Intelligence is your spellcasting ability for it.</text>
		</trait>
	</race>
	<race>
		<name>Dwarf (Hill)</name>
		<size>M</size>
		<speed>25</speed>
		<ability>Con 2, Wis 1</ability>
		<trait>
			<name>Darkvision</name>
			<text>Accustomed to life underground, you have superior vision in dark and dim conditions. You can see in dim light within 60 feet of you as if it were bright light, and in darkness as if it were dim light. You can't discern color in darkness, only shades of gray.</text>
		</trait>
		<trait>
			<name>Dwarven Resilience</name>
			<text>You have advantage on saving throws against poison, and you have resistance against poison damage.</text>
		</trait>
		<trait>
			<name>Dwarven Combat Training</name>
			<text>You have proficiency with the battleaxe, handaxe, light hammer, and warhammer.</text>
		</trait>
		<trait>
			<name>Tool Proficiency</name>
			<text>You gain proficiency with the artisan's tools of your choice: smith's tools, brewer's supplies, or mason's tools.</text>
		</trait>
		<trait>
			<name>Stonecunning</name>
			<text>Whenever you make an Intelligence (History) check related to the origin of stonework, you are considered proficient in the History skill and add double your proficiency bonus to the check, instead of your normal proficiency bonus.</text>
		</trait>
		<trait>
			<name>Languages</name>
			<text>You can speak, read, and write Common and Dwarvish. Dwarvish is full of hard consonants and guttural sounds, and those characteristics spill over into whatever other language a dwarf might speak.</text>
		</trait>
		<trait>
			<name>Dwarven Toughness</name>
			<text>Your hit point maximum increases by 1, and it increases by 1 every time you gain a level.</text>
		</trait>
	</race>
	<race>
		<name>Human</name>
		<size>M</size>
		<speed>30</speed>
		<ability>Str 1, Dex 1, Con 1, Int 1, Wis 1, Cha 1</ability>
		<trait>
			<name>Languages</name>
			<text>You can speak, read, and write Common and one extra language of your choice. Humans typically learn the languages of other peoples they deal with, including obscure dialects. They are fond of sprinkling their speech with words borrowed from other tongues: Orc curses, Elvish musical expressions, Dwarvish military phrases, and so on.</text>
		</trait>
	</race>
	<race>
		<name>Human (Variant)</name>
		<size>M</size>
		<speed>30</speed>
		<trait>
			<name>Ability Score Increase</name>
			<text>Two different ability scores of your choice increase by 1.</text>
		</trait>
		<trait>
			<name>Skills</name>
			<text>You gain proficiency in one skill of your choice.</text>
		</trait>
		<trait>
			<name>Feat</name>
			<text>You gain one feat of your choice.</text>
		</trait>
		<trait>
			<name>Languages</name>
			<text>You can speak, read, and write Common and one extra language of your choice. Humans typically learn the languages of other peoples they deal with, including obscure dialects. They are fond of sprinkling their speech with words borrowed from other tongues: Orc curses, Elvish musical expressions, Dwarvish military phrases, and so on.</text>
		</trait>
	</race>
	<race>
		<name>Halfling (Lightfoot)</name>
		<size>S</size>
		<speed>25</speed>
		<ability>Dex 2, Cha 1</ability>
		<trait>
			<name>Lucky</name>
			<text>When you roll a 1 on an attack roll, ability check, or saving throw, you can reroll the die and must use the new roll.</text>
		</trait>
		<trait>
			<name>Brave</name>
			<text>You have advantage on saving throws against being frightened.</text>
		</trait>
		<trait>
			<name>Halfling Nimbleness</name>
			<text>You can move through the space of any creature that is of a size larger than yours.</text>
		</trait>
		<trait>
			<name>Languages</name>
			<text>You can speak, read, and write Common and Halfling. The Halfling language isn't secret, but halflings are loath to share it with others. They write very little, so they don't have a rich body of literature. Their oral tradition, however, is very strong. Almost all halflings speak Common to converse with the people in whose lands they dwell or through which they are traveling.</text>
		</trait>
		<trait>
			<name>Naturally Stealthy</name>
			<text>You can attempt to hide even when you are obscured only by a creature that is at least one size larger than you.</text>
		</trait>
	</race>
	<race>
		<name>Dwarf (Mountain)</name>
		<size>M</size>
		<speed>25</speed>
		<ability>Con 2, Str 2</ability>
		<trait>
			<name>Darkvision</name>
			<text>Accustomed to life underground, you have superior vision in dark and dim conditions. You can see in dim light within 60 feet of you as if it were bright light, and in darkness as if it were dim light. You can't discern color in darkness, only shades of gray.</text>
		</trait>
		<trait>
			<name>Dwarven Resilience</name>
			<text>You have advantage on saving throws against poison, and you have resistance against poison damage.</text>
		</trait>
		<trait>
			<name>Dwarven Combat Training</name>
			<text>You have proficiency with the battleaxe, handaxe, light hammer, and warhammer.</text>
		</trait>
		<trait>
			<name>Tool Proficiency</name>
			<text>You gain proficiency with the artisan's tools of your choice: smith's tools, brewer's supplies, or mason's tools.</text>
		</trait>
		<trait>
			<name>Stonecunning</name>
			<text>Whenever you make an Intelligence (History) check related to the origin of stonework, you are considered proficient in the History skill and add double your proficiency bonus to the check, instead of your normal proficiency bonus.</text>
		</trait>
		<trait>
			<name>Languages</name>
			<text>You can speak, read, and write Common and Dwarvish. Dwarvish is full of hard consonants and guttural sounds, and those characteristics spill over into whatever other language a dwarf might speak.</text>
		</trait>
		<trait>
			<name>Dwarven Armor Training</name>
			<text>You have proficiency with light and medium armor.</text>
		</trait>
	</race>
	<race>
		<name>Shifter (Razorclaw)</name>
		<size>M</size>
		<speed>30</speed>
		<ability>Dex 2</ability>
		<trait>
			<name>Darkvision</name>
			<text>Your lycanthropic heritage grants you the ability to see in dark conditions. You can see in dim light within 60 feet of you as if it were bright light, and in darkness as if it were dim light. You can't discern color in darkness, only shades of gray.</text>
		</trait>
		<trait>
			<name>Shifting</name>
			<text>On your turn, you can shift as a bonus action. Shifting lasts for 1 minute or until you end it on your turn as a bonus action.</text>
			<text />
			<text>While shifting, you gain temporary hit points equal to your level + your Constitution bonus (minimum of 1). You also gain a feature that depends on your shifter subrace, described below.</text>
			<text />
			<text>You must finish a short or long rest before you can shift again.</text>
		</trait>
		<trait>
			<name>Languages</name>
			<text>You can speak, read, and write Common and Sylvan.</text>
		</trait>
		<trait>
			<name>Shifting Feature</name>
			<text>While shifting, you can make an unarmed strike as a bonus action. You can use your Dexterity for its attack roll and damage bonus, and this attack deals slashing damage.</text>
		</trait>
	</race>
	<race>
		<name>Gnome (Rock)</name>
		<size>S</size>
		<speed>25</speed>
		<ability>Int 2, Con 1</ability>
		<trait>
			<name>Darkvision</name>
			<text>Accustomed to life underground, you have superior vision in dark and dim conditions. You can see in dim light within 60 feet of you as if it were bright light, and in darkness as if it were dim light. You can't discern color in darkness, only shades of gray.</text>
		</trait>
		<trait>
			<name>Gnome Cunning</name>
			<text>You have advantage on all Intelligence, Wisdom, and Charisma saving throws against magic.</text>
		</trait>
		<trait>
			<name>Languages</name>
			<text>You can speak, read, and write Common and Gnomish. The Gnomish language, which uses the Dwarvish script, is renowned for its technical treatises and its catalogs of knowledge about the natural world.</text>
		</trait>
		<trait>
			<name>Artificer's Lore</name>
			<text>Whenever you make an Intelligence (History) check related to magic items, alchemical objects, or technological devices, you can add twice your proficiency bonus, instead of any proficiency bonus you normally apply.</text>
		</trait>
		<trait>
			<name>Tinker</name>
			<text>You have proficiency with artisan's tools (tinker's tools). Using those tools, you can spend 1 hour and 10 gp worth of materials to construct a Tiny clockwork device (AC 5, 1 hp). The device ceases to function after 24 hours (unless you spend 1 hour repairing it to keep the device functioning), or when you use your action to dismantle it; at that time, you can reclaim the materials used to create it. You can have up to three such devices active at a time.</text>
			<text />
			<text>When you create a device, choose one of the following options:</text>
			<text />
			<text>Clockwork Toy. This toy is a clockwork animal, monster, or person, such as a frog, mouse, bird, dragon, or soldier. When placed on the ground, the toy moves 5 feet across the ground on each of your turns in a random direction. It makes noises as appropriate to the creature it represents.</text>
			<text />
			<text>Fire Starter. The device produces a miniature flame, which you can use to light a candle, torch, or campfire. Using the device requires your action.</text>
			<text />
			<text>Music Box. When opened, this music box plays a single song at a moderate volume. The box stops playing when it reaches the song's end or when it is closed.</text>
		</trait>
	</race>
	<race>
		<name>Halfling (Stout)</name>
		<size>S</size>
		<speed>25</speed>
		<ability>Dex 2, Con 1</ability>
		<trait>
			<name>Lucky</name>
			<text>When you roll a 1 on an attack roll, ability check, or saving throw, you can reroll the die and must use the new roll.</text>
		</trait>
		<trait>
			<name>Brave</name>
			<text>You have advantage on saving throws against being frightened.</text>
		</trait>
		<trait>
			<name>Halfling Nimbleness</name>
			<text>You can move through the space of any creature that is of a size larger than yours.</text>
		</trait>
		<trait>
			<name>Languages</name>
			<text>You can speak, read, and write Common and Halfling. The Halfling language isn't secret, but halflings are loath to share it with others. They write very little, so they don't have a rich body of literature. Their oral tradition, however, is very strong. Almost all halflings speak Common to converse with the people in whose lands they dwell or through which they are traveling.</text>
		</trait>
		<trait>
			<name>Stout Resilience</name>
			<text>You have advantage on saving throws against poison, and you have resistance against poison damage.</text>
		</trait>
	</race>
	<race>
		<name>Tiefling (Infernal)</name>
		<size>M</size>
		<speed>30</speed>
		<ability>Cha 2, Int 1</ability>
		<trait>
			<name>Darkvision</name>
			<text>Thanks to your infernal heritage, you have superior vision in dark and dim conditions. You can see in dim light within 60 feet of you as if it were bright light, and in darkness as if it were dim light. You can't discern color in darkness, only shades of gray.</text>
		</trait>
		<trait>
			<name>Hellish Resistance</name>
			<text>You have resistance to fire damage.</text>
		</trait>
		<trait>
			<name>Infernal Legacy</name>
			<text>You know the thaumaturgy cantrip. Once you reach 3rd level, you can cast the hellish rebuke spell as a 2nd-level spell; you must finish a long rest in order to cast the spell again using this trait. Once you reach 5th level, you can also cast the darkness spell; you must finish a long rest in order to cast the spell again using this trait. Charisma is your spellcasting ability for these spells.</text>
		</trait>
		<trait>
			<name>Languages</name>
			<text>You can speak, read, and write Common and Infernal.</text>
		</trait>
		<trait>
			<name>Feral (Variant)</name>
			<text>Your Intelligence score increases by 1, and your Dexterity score increases by 2. This replaces the Ability Score Increase trait.</text>
		</trait>
		<trait>
			<name>Variant Features (Choose 1)</name>
			<text>Devil's Tongue.</text>
			<text>	You know the vicious mockery cantrip. When your reach 3rd level, you can cast the charm person spell as a 2nd-level spell once with this trait. When you reach 5th level, you can cast the enthrall spell once with this trait. You must finish a long rest to cast these spells once again with this trait. Charisma is your spellcasting ability for them. This trait replaces the Infernal Legacy trait.</text>
			<text />
			<text>Hellfire.</text>
			<text>	Once you reach 3rd level, you can cast the burning hands spell once per day as a 2nd-level spell. This trait replaces the hellish rebuke spell of the Infernal Legacy trait.</text>
			<text />
			<text>Winged.</text>
			<text>	You have bat-like wings sprouting form your shoulder blades. You have a flying speed of 30 feet. This trait replaces the Infernal Legacy trait.</text>
		</trait>
		<trait>
			<name>Appearance (Variant)</name>
			<text>Your tiefling might not look like other tieflings. Rather than having the physical characteristics described in the Player's Handbook, choose 1d4 + 1 of the following features: small horns; fangs or sharp teeth; a forked tongue; catlike eyes; six fingers on each hand; goatlike legs; cloven hoofs; a forked tail; leathery or scaly skin; red or dark blue skin; cast no shadow or reflection; exude a smell of brimstone</text>
		</trait>
	</race>
	<race>
		<name>Genasi (Water)</name>
		<size>M</size>
		<speed>30</speed>
		<ability>Con 2, Wis 1</ability>
		<trait>
			<name>Acid Resistance</name>
			<text>You have resistance to acid damage.</text>
		</trait>
		<trait>
			<name>Amphibious</name>
			<text>You can breathe air and water.</text>
		</trait>
		<trait>
			<name>Swim</name>
			<text>You have a swimming speed of 30 feet.</text>
		</trait>
		<trait>
			<name>Call to the Wave</name>
			<text>You know the shape water cantrip. When you reach 3rd level, you can cast the create or destroy water spell as a 2nd-level spell once with this trait, and you regain the ability to cast it this way when you finish a long rest. Constitution is your spellcasting ability for these spells.</text>
		</trait>
		<trait>
			<name>Languages</name>
			<text>You can speak, read, and write Common and Primordial. Primordial is a guttural language, filled with harsh syllables and hard consonants.</text>
		</trait>
	</race>
	<race>
		<name>Shifter (Wildhunt)</name>
		<size>M</size>
		<speed>30</speed>
		<ability>Dex 1, Wis 1</ability>
		<trait>
			<name>Darkvision</name>
			<text>Your lycanthropic heritage grants you the ability to see in dark conditions. You can see in dim light within 60 feet of you as if it were bright light, and in darkness as if it were dim light. You can't discern color in darkness, only shades of gray.</text>
		</trait>
		<trait>
			<name>Shifting</name>
			<text>On your turn, you can shift as a bonus action. Shifting lasts for 1 minute or until you end it on your turn as a bonus action.</text>
			<text />
			<text>While shifting, you gain temporary hit points equal to your level + your Constitution bonus (minimum of 1). You also gain a feature that depends on your shifter subrace, described below.</text>
			<text />
			<text>You must finish a short or long rest before you can shift again.</text>
		</trait>
		<trait>
			<name>Languages</name>
			<text>You can speak, read, and write Common and Sylvan.</text>
		</trait>
		<trait>
			<name>Shifting Feature</name>
			<text>While shifting, you gain advantage on all Wisdom-based checks and saving throws.</text>
		</trait>
	</race>
	<race>
		<name>Elf (Wood)</name>
		<size>M</size>
		<speed>35</speed>
		<ability>Dex 2, Wis 1</ability>
		<proficiency>Perception</proficiency>
		<trait>
			<name>Darkvision</name>
			<text>Accustomed to twilit forests and the night sky, you have superior vision in dark and dim conditions. You can see in dim light within 60 feet of you as if it were bright light, and in darkness as if it were dim light. You can't discern color in darkness, only shades of gray.</text>
		</trait>
		<trait>
			<name>Keen Senses</name>
			<text>You have proficiency in the Perception skill.</text>
		</trait>
		<trait>
			<name>Fey Ancestry</name>
			<text>You have advantage on saving throws against being charmed, and magic can't put you to sleep.</text>
		</trait>
		<trait>
			<name>Trance</name>
			<text>Elves don't need to sleep. Instead, they meditate deeply, remaining semiconscious, for 4 hours a day. (The Common word for such meditation is "trance.") While meditating, you can dream after a fashion; such dreams are actually mental exercises that have become reflexive through years of practice. After resting in this way, you gain the same benefit that a human does from 8 hours of sleep.</text>
		</trait>
		<trait>
			<name>Languages</name>
			<text>You can speak, read, and write Common and Elvish. Elvish is fluid, with subtle intonations and intricate grammar. Elven literature is rich and varied, and their songs and poems are famous among other races. Many bards learn their language so they can add Elvish ballads to their repertoires.</text>
		</trait>
		<trait>
			<name>Elf Weapon Training</name>
			<text>You have proficiency with the longsword, shortsword, shortbow, and longbow.</text>
		</trait>
		<trait>
			<name>Fleet of Foot</name>
			<text>Your base walking speed increases to 35 feet.</text>
		</trait>
		<trait>
			<name>Mask of the Wild</name>
			<text>You can attempt to hide even when you are only lightly obscured by foliage, heavy rain, falling snow, mist, and other natural phenomena.</text>
		</trait>
	</race>
	<race>
		<name>Dwarf (Duergar)</name>
		<size>M</size>
		<speed>25</speed>
		<ability>Con 2, Str 1</ability>
		<trait>
			<name>Superior Darkvision</name>
			<text>Accustomed to life underground, you have superior vision in dark and dim conditions. You can see in dim light within 120 feet of you as if it were bright light, and in darkness as if it were dim light. You can't discern color in darkness, only shades of gray.</text>
		</trait>
		<trait>
			<name>Duergar Resilience</name>
			<text>You have advantage on saving throws against poison, and you have resistance against poison damage. You also have advantage on saving throws against illusions and against being charmed or paralyzed.</text>
		</trait>
		<trait>
			<name>Dwarven Combat Training</name>
			<text>You have proficiency with the battleaxe, handaxe, light hammer, and warhammer.</text>
		</trait>
		<trait>
			<name>Tool Proficiency</name>
			<text>You gain proficiency with the artisan's tools of your choice: smith's tools, brewer's supplies, or mason's tools.</text>
		</trait>
		<trait>
			<name>Stonecunning</name>
			<text>Whenever you make an Intelligence (History) check related to the origin of stonework, you are considered proficient in the History skill and add double your proficiency bonus to the check, instead of your normal proficiency bonus.</text>
		</trait>
		<trait>
			<name>Languages</name>
			<text>You can speak, read, and write Common, Dwarvish, and Undercommon.</text>
		</trait>
		<trait>
			<name>Duergar Magic</name>
			<text>When you reach 3rd level, you can cast the Enlarge/Reduce spell on yourself once with this trait, using only the spell's enlarge option. When reach 5th level, you can cast the Invisibility spell on yourself once with this trait. You don't need material components for either spell, and you can't cast them while you're in direct sunlight, although sunlight has no effect on them once cast. You regain the ability to cast these spells with this trait when you finish a long rest. Intelligence is your spellcasting ability for these spells.</text>
		</trait>
		<trait>
			<name>Sunlight Sensitivity</name>
			<text>You have disadvantage on attack rolls and Wisdom (Perception) checks that rely on sight when you, the target of your attack, or whatever you are trying to perceive is in direct sunlight.</text>
		</trait>
	</race>
	<race>
		<name>Half-Elf (Wood Elf Descent)</name>
		<size>M</size>
		<speed>30</speed>
		<ability>Cha 2</ability>
		<trait>
			<name>Ability Score Increase</name>
			<text>Two different ability scores of your choice increase by 1.</text>
		</trait>
		<trait>
			<name>Darkvision</name>
			<text>Thanks to your elf blood, you have superior vision in dark and dim conditions. You can see in dim light within 60 feet of you as if it were bright light, and in darkness as if it were dim light. You can't discern color in darkness, only shades of gray.</text>
		</trait>
		<trait>
			<name>Fey Ancestry</name>
			<text>You have advantage on saving throws against being charmed, and magic can't put you to sleep.</text>
		</trait>
		<trait>
			<name>Variant Feature (Choose 1)</name>
			<text>Keen Senses</text>
			<text>You have proficiency in the Perception skill</text>
			<text />
			<text>Elf Weapon Training</text>
			<text>You have proficiency with the longsword, shortsword, shortbow, and longbow.</text>
			<text />
			<text>Fleet of Foot</text>
			<text>Your base walking speed increases to 35 feet.</text>
			<text />
			<text>Mask of the Wild</text>
			<text>You can attempt to hide even when you are only lightly obscured by foliage, heavy rain, falling snow, mist, and other natural phenomena.</text>
		</trait>
		<trait>
			<name>Languages</name>
			<text>You can speak, read, and write Common, Elvish, and one extra language of your choice.</text>
		</trait>
	</race>
	<race>
		<name>Half-Elf (Moon Elf or Sun Elf Descent)</name>
		<size>M</size>
		<speed>30</speed>
		<ability>Cha 2</ability>
		<trait>
			<name>Ability Score Increase</name>
			<text>Two different ability scores of your choice increase by 1.</text>
		</trait>
		<trait>
			<name>Darkvision</name>
			<text>Thanks to your elf blood, you have superior vision in dark and dim conditions. You can see in dim light within 60 feet of you as if it were bright light, and in darkness as if it were dim light. You can't discern color in darkness, only shades of gray.</text>
		</trait>
		<trait>
			<name>Fey Ancestry</name>
			<text>You have advantage on saving throws against being charmed, and magic can't put you to sleep.</text>
		</trait>
		<trait>
			<name>Variant Feature (Choose 1)</name>
			<text>Keen Senses</text>
			<text>You have proficiency in the Perception skill</text>
			<text />
			<text>Elf Weapon Training</text>
			<text>You have proficiency with the longsword, shortsword, shortbow, and longbow.</text>
			<text />
			<text>Cantrip</text>			
			<text>You know one cantrip of your choice from the wizard spell list. Intelligence is your spellcasting ability for it.</text>
		</trait>
		<trait>
			<name>Languages</name>
			<text>You can speak, read, and write Common, Elvish, and one extra language of your choice.</text>
		</trait>
	</race>
	<race>
		<name>Half-Elf (Drow Descent)</name>
		<size>M</size>
		<speed>30</speed>
		<ability>Cha 2</ability>
		<trait>
			<name>Ability Score Increase</name>
			<text>Two different ability scores of your choice increase by 1.</text>
		</trait>
		<trait>
			<name>Darkvision</name>
			<text>Thanks to your elf blood, you have superior vision in dark and dim conditions. You can see in dim light within 60 feet of you as if it were bright light, and in darkness as if it were dim light. You can't discern color in darkness, only shades of gray.</text>
		</trait>
		<trait>
			<name>Fey Ancestry</name>
			<text>You have advantage on saving throws against being charmed, and magic can't put you to sleep.</text>
		</trait>
		<trait>
			<name>Variant Feature (Choose 1)</name>
			<text>Keen Senses</text>
			<text>You have proficiency in the Perception skill</text>
			<text />
			<text>Drow Magic</text>
			<text>You know the dancing lights cantrip. When you reach 3rd level, you can cast the faerie fire spell once per day; you must finish a long rest in order to cast the spell again using this trait. When you reach 5th level, you can also cast the darkness spell once per day; you must finish a long rest in order to cast the spell again using this trait. Charisma is your spellcasting ability for these spells.</text>
		</trait>
		<trait>
			<name>Languages</name>
			<text>You can speak, read, and write Common, Elvish, and one extra language of your choice.</text>
		</trait>
	</race>
	<race>
		<name>Half-Elf (Aquatic Elf Descent)</name>
		<size>M</size>
		<speed>30</speed>
		<ability>Cha 2</ability>
		<trait>
			<name>Ability Score Increase</name>
			<text>Two different ability scores of your choice increase by 1.</text>
		</trait>
		<trait>
			<name>Darkvision</name>
			<text>Thanks to your elf blood, you have superior vision in dark and dim conditions. You can see in dim light within 60 feet of you as if it were bright light, and in darkness as if it were dim light. You can't discern color in darkness, only shades of gray.</text>
		</trait>
		<trait>
			<name>Fey Ancestry</name>
			<text>You have advantage on saving throws against being charmed, and magic can't put you to sleep.</text>
		</trait>
		<trait>
			<name>Variant Feature (Choose 1)</name>
			<text>Keen Senses</text>
			<text>You have proficiency in the Perception skill</text>
			<text />
			<text>Swim</text>
			<text>You gain a swimming speed of 30.</text>
			<text />
		</trait>
		<trait>
			<name>Languages</name>
			<text>You can speak, read, and write Common, Elvish, and one extra language of your choice.</text>
		</trait>
	</race>
	<race>
		<name>Halfling (Ghostwise)</name>
		<size>S</size>
		<speed>25</speed>
		<ability>Dex 2, Wis 1</ability>
		<trait>
			<name>Lucky</name>
			<text>When you roll a 1 on an attack roll, ability check, or saving throw, you can reroll the die and must use the new roll.</text>
		</trait>
		<trait>
			<name>Brave</name>
			<text>You have advantage on saving throws against being frightened.</text>
		</trait>
		<trait>
			<name>Halfling Nimbleness</name>
			<text>You can move through the space of any creature that is of a size larger than yours.</text>
		</trait>
		<trait>
			<name>Languages</name>
			<text>You can speak, read, and write Common and Halfling. The Halfling language isn't secret, but halflings are loath to share it with others. They write very little, so they don't have a rich body of literature. Their oral tradition, however, is very strong. Almost all halflings speak Common to converse with the people in whose lands they dwell or through which they are traveling.</text>
		</trait>
		<trait>
			<name>Silent Speech</name>
			<text>You can speak telepathically to any creature within 30 feet of you. The creature understands you only if the two of you share a language. You can speak telepathically in this way to one creature at a time.</text>
		</trait>
	</race>
<race>
	<name>Bugbear</name>
	<size>M</size>
	<speed>30</speed>
	<ability>Str 2, Dex 1</ability>
	<proficiency>Stealth</proficiency>
	<trait>
		<name>Darkvision</name>
		<text>You can see in dim light within 60 feet of you as if it were bright light, and in darkness as if it were dim light. You can't discern color in darkness, only shades of gray.</text>
	</trait>
	<trait>
		<name>Long-Limbed</name>
		<text>When you make a melee attack on your turn, your reach for it is 5 feet greater than normal.</text>
	</trait>
	<trait>
		<name>Powerful Build</name>
		<text>You count as one size larger when determining your carrying capacity and the weight you can push, drag, or lift.</text>
	</trait>
	<trait>
		<name>Sneaky</name>
		<text>You are proficient in the Stealth skill.</text>
	</trait>
	<trait>
		<name>Surprise Attack</name>
		<text>If you surprise a creature and hit it with an attack on your first turn in combat, the attack deals an extra 2d6 damage to it. You can use this trait only once per combat.</text>
	</trait>
	<trait>
		<name>Languages</name>
		<text>You can speak, read, and write Common and Goblin.</text>
	</trait>
</race>
<race>
	<name>Aasimar (Fallen)</name>
	<size>M</size>
	<speed>30</speed>
	<ability>Cha 2, Str 1</ability>
	<proficiency></proficiency>
	<trait>
		<name>Darkvision</name>
		<text>Blessed with a radiant soul, your vision can easily cut through darkness. You can see in dim light within 60 feet of you as if it were bright light, and in darkness as if it were dim light. You can't discern color in darkness, only shades of gray.</text>
	</trait>
	<trait>
		<name>Celestial Resistance</name>
		<text>You have resistance to necrotic damage and radiant damage.</text>
	</trait>
	<trait>
		<name>Healing Hands</name>
		<text>As an action, you can touch a creature and cause it to regain a number of hit points equal to your level. Once you use this trait, you can't use it again until you finish a long rest.</text>
	</trait>
	<trait>
		<name>Light Bearer</name>
		<text>You know the light cantrip. Charisma is your spellcasting ability for it.</text>
	</trait>
	<trait>
		<name>Languages</name>
		<text>You can speak, read, and write Common and Celestial.</text>
	</trait>
	<trait>
		<name>Necrotic Shroud</name>
		<text>Starting at 3rd level, you can use your action to unleash the divine energy within yourself, causing your eyes to turn into pools of darkness and two skeletal, ghostly, flightless wings to sprout from your back. The instant you transform, other creatures within 10 feet of you that can see you must succed on a Charisma saving throw (DC 8 + your proficiency bonus + your Charisma modifier) or become frightened of you until the end of your next turn.</text>
		<text>Your transformation lasts for 1 minute or until you end it as a bonus action.. During it,  once on each of your turns, you can deal extra necrotic damage to one target when you deal damage to it with an attack or a spell. The extra necrotic damage equals your level.</text>
		<text>Once you use this trait, you can't use it again until you finish a long rest.</text>
	</trait>
    </race>
<race>
	<name>Aasimar (Protector)</name>
	<size>M</size>
	<speed>30</speed>
	<ability>Cha 2, Wis 1</ability>
	<proficiency></proficiency>
	<trait>
		<name>Darkvision</name>
		<text>Blessed with a radiant soul, your vision can easily cut through darkness. You can see in dim light within 60 feet of you as if it were bright light, and in darkness as if it were dim light. You can't discern color in darkness, only shades of gray.</text>
	</trait>
	<trait>
		<name>Celestial Resistance</name>
		<text>You have resistance to necrotic damage and radiant damage.</text>
	</trait>
	<trait>
		<name>Healing Hands</name>
		<text>As an action, you can touch a creature and cause it to regain a number of hit points equal to your level. Once you use this trait, you can't use it again until you finish a long rest.</text>
	</trait>
	<trait>
		<name>Light Bearer</name>
		<text>You know the light cantrip. Charisma is your spellcasting ability for it.</text>
	</trait>
	<trait>
		<name>Languages</name>
		<text>You can speak, read, and write Common and Celestial.</text>
	</trait>
	<trait>
		<name>Radiant Soul</name>
		<text>Starting at 3rd level, you can use your action to unleash the divine energy within yourself, causing your eyes to glimmer and two luminous, incorporeal wings to sprout from your back.</text>
		<text>	Your transformation lasts for 1 minute or until you end it as a bonus action.. During it, you have a flysing speed of 30 feet, and once on each of your turns, you can deal extra radiant damageto one target when you deal damage to it with an attack or a spell. The extra radiant damage equals your level.</text>
		<text>	Once you use this trait, you can't use it again until you finish a long rest.</text>
	</trait>
</race>
<race>
	<name>Aasimar (Scourge)</name>
	<size>M</size>
	<speed>30</speed>
	<ability>Cha 2, Con 1</ability>
	<proficiency></proficiency>
	<trait>
		<name>Darkvision</name>
		<text>Blessed with a radiant soul, your vision can easily cut through darkness. You can see in dim light within 60 feet of you as if it were bright light, and in darkness as if it were dim light. You can't discern color in darkness, only shades of gray.</text>
	</trait>
	<trait>
		<name>Celestial Resistance</name>
		<text>You have resistance to necrotic damage and radiant damage.</text>
	</trait>
	<trait>
		<name>Healing Hands</name>
		<text>As an action, you can touch a creature and cause it to regain a number of hit points equal to your level. Once you use this trait, you can't use it again until you finish a long rest.</text>
	</trait>
	<trait>
		<name>Light Bearer</name>
		<text>You know the light cantrip. Charisma is your spellcasting ability for it.</text>
	</trait>
	<trait>
		<name>Languages</name>
		<text>You can speak, read, and write Common and Celestial.</text>
	</trait>
	<trait>
		<name>Radiant Consumption</name>
		<text>Starting at 3rd level, you can use your action to unleash the divine energy within yourself, causing a searing light to radiate from you, pour out of your eyes and mouth, and threaten to char you.</text>
		<text>	Your transformation lasts for 1 minute or until you end it as a bonus action.. During it, you shed bright light in a 10-foot radius and dim light for an additional 10 feet, and at the end of each of your turns, you and each creature within 10 feet of you take radiant damage equal to half your level (rounded up). In addition, once on each of your turns, you can deal extra radiant damage to one target when you deal damage to it with an attack or a spell. The extra radiant damage equals your level.</text>
		<text>	Once you use this trait, you can't use it again until you finish a long rest.</text>
	</trait>
</race>
<race>
	<name>Firbolg</name>
	<size>M</size>
	<speed>30</speed>
	<ability>Wis 2, Str 1</ability>
	<proficiency></proficiency>
	<trait>
		<name>Firbolg Magic</name>
		<text>You can cast detect magic and disguise self with this trait, using Wisdom as your spellcasting ability for them. Once you cast either spell, you can't cast it again with this trait until you finish a short or long rest. When you use this version of disguise self, you can seem up to 3 feet shorter than normal, allowing you to more easily blend in with humans and elves.</text>
	</trait>
	<trait>
		<name>Hidden Step</name>
		<text>As a bonus action, you can magically turn invisible until the start of your next turn ot until you attack, make a damage roll, or force someone to make a saving throw. Once you use this trait, you can't use it again until you finish a short or long rest.</text>
	</trait>
	<trait>
		<name>Powerful Build</name>
		<text>You count as one size larger when determining your carrying capacity and the weight you can push, drag, or lift.</text>
	</trait>
	<trait>
		<name>Speech of Beast and Leaf</name>
		<text>You have the ability to communicate in a limited manner with beasts and plants. They can understand the meaning of your words, though you have no special ability to understand them in return. You have advantage on all Charisma checks you make to influence them.</text>
	</trait>
	<trait>
		<name>Languages</name>
		<text>You can speak, read, and write Common, Elvish, and Giant.</text>
	</trait>
</race>
<race>
	<name>Goblin</name>
	<size>S</size>
	<speed>30</speed>
	<ability>Dex 2, Con 1</ability>
	<proficiency></proficiency>
	<trait>
		<name>Darkvision</name>
		<text>You can see in dim light within 60 feet of you as if it were bright light, and in darkness as if it were dim light. You can't discern color in darkness, only shades of gray.</text>
	</trait>
	<trait>
		<name>Fury of the Small</name>
		<text>When you damage a creature with an attack or a spell and the creature's size is larger than yours, you can cause the attack or spell to deal extra damage to the creature. The extra damage equals your level. Once you use this trait, you can't use it again until you finish a short or long rest.</text>
	</trait>
	<trait>
		<name>Nimble Escape</name>
		<text>You can take the Disengage or Hide action as a bonus action on each of your turns.</text>
	</trait>
	<trait>
		<name>Languages</name>
		<text>You can speak, read, and write Common and Goblin.</text>
	</trait>
</race>
<race>
	<name>Hobgoblin</name>
	<size>M</size>
	<speed>30</speed>
	<ability>Con 2, Int 1</ability>
	<proficiency></proficiency>
	<trait>
		<name>Darkvision</name>
		<text>You can see in dim light within 60 feet of you as if it were bright light, and in darkness as if it were dim light. You can't discern color in darkness, only shades of gray.</text>
	</trait>
	<trait>
		<name>Martial Training</name>
		<text>You are proficient with two martial weapons of your choice and with light armor.</text>
	</trait>
	<trait>
		<name>Saving Face</name>
		<text>Hobgoblins are careful not to show weakness in front of their allies, for fear of losing status. If you miss with an attack roll or fail an ability check or a saving throw, you can gain a bonus to the roll equal to the number of allies you can see within 30 feet of you (maximum bonus of +5). Once you use this trait, you can't use it again until you finish a short or long rest.</text>
	</trait>
	<trait>
		<name>Languages</name>
		<text>You can speak, read, and write Common and Goblin.</text>
	</trait>
</race>
<race>
	<name>Kenku</name>
	<size>M</size>
	<speed>30</speed>
	<ability>Dex 2, Wis 1</ability>
	<proficiency></proficiency>
	<trait>
		<name>Expert Forgery</name>
		<text>You can duplicate other creatures' handwriting and craftwork. You have advantage on all checks made to produce forgeries or duplicates of existing objects.</text>
	</trait>
	<trait>
		<name>Kenku Training</name>
		<text>You are proficient in your choice of two of the following skills: Acrobatics, Deception, Stealth, and Sleight of Hand.</text>
	</trait>
	<trait>
		<name>Mimicry</name>
		<text>You can mimic sounds you have heard, including voices. A creature that hears the sounds can tell they are imitations with a successful Wisdom (Insight) check opposed by your Charisma (Deception) check.</text>
	</trait>
	<trait>
		<name>Languages</name>
		<text>You can read and write Common and Auran, but you can speak only using your Mimicry trait</text>
	</trait>
</race>
<race>
	<name>Kobold</name>
	<size>S</size>
	<speed>30</speed>
	<ability>Dex 2, Str -2</ability>
	<proficiency></proficiency>
	<trait>
		<name>Darkvision</name>
		<text>You can see in dim light within 60 feet of you as if it were bright light, and in darkness as if it were dim light. You can't discern color in darkness, only shades of gray.</text>
	</trait>
	<trait>
		<name>Grovel, Cower, and Beg</name>
		<text>As an action on your turn, you can cower pathetically to distract nearby foes. Until the end of your next turn, your allies gain advantage on attack rolls against enemies within 10 feet of you that you can see. Once you uses this trait, you can't use it again until you finish a short or long rest.</text>
	</trait>
	<trait>
		<name>Pack Tactics</name>
		<text>You have advantage on an attack roll against a creature if at least one of your allies is within 5 feet of the creature and the ally isn't incapacitated.</text>
	</trait>
	<trait>
		<name>Sunlight Sensitivity</name>
		<text>You have disadvantage on attack rolls and on Wisdom (Perception) checks that rely on sight when you, the target of your attack, or whatever you are trying to perceive is in direct sunlight.</text>
	</trait>
	<trait>
		<name>Languages</name>
		<text>You can speak, read, and write Common and Draconic.</text>
	</trait>
</race>
<race>
	<name>Lizardfolk</name>
	<size>M</size>
	<speed>30</speed>
	<ability>Con 2, Wis 1</ability>
	<proficiency></proficiency>
	<trait>
		<name>Swim Speed</name>
		<text>You have a swimming speed of 30 feet.</text>
	</trait>
	<trait>
		<name>Bite</name>
		<text>Your fanged maw is a natural weapon, which you can use to make unarmed strikes. If you hit with it, you deal piercing damage equal to 1d6 + your Strength modifier, instead of the bludgeoning damage  normal for an unarmed strike.</text>
	</trait>
	<trait>
		<name>Cunning Artisan</name>
		<text>As part of a short rest, you can harvest bone and hide from a slain beast, construct, dragon, monstrosity, or plant creature of size small or larger to create one of the following items: a shield, a club, a javelin, or 1d4 darts or blowgun needles. To use this trait, you need a blade, such as a dagger, or appropriate artisan's tools, such as leatherworker's tools.</text>
	</trait>
	<trait>
		<name>Hold Breath</name>
		<text>You can hold your breath for up to 15 minutes at a time.</text>
	</trait>
	<trait>
		<name>Hunter's Lore</name>
		<text>You gain proficiency with two of the following skills of your choice: Animal Handling, Nature, Perception, Stealth, and Survival.</text>
	</trait>
	<trait>
		<name>Natural Armor</name>
		<text>You have tough, scaly skin. When you aren't wearing armor, your AC is 13 + your Dexterity modifier. You can use your natural armor to determine your AC if the armor you wear would leave you with a lower AC. A shield's benefits apply as normal while you use your natural armor.</text>
	</trait>
	<trait>
		<name>Hungry Jaws</name>
		<text>In battle, you can throw yourself into a vicious feeding frenzy. As a bonus action, you can make a special attack with your bite. If the attack hits, it deals its normal damage, and you gain temporary hit points equal to your Constitution modifier (minimum of 1), and you can't use this trait again until you finish a short or long rest.</text>
	</trait>
	<trait>
		<name>Languages</name>
		<text>You can speak, read, and write Common and Draconic.</text>
	</trait>
</race>
<race>
	<name>Orc</name>
	<size>M</size>
	<speed>30</speed>
	<ability>Str 2, Con 1, Int -2</ability>
	<proficiency>Intimidation</proficiency>
	<trait>
		<name>Darkvision</name>
		<text>You can see in dim light within 60 feet of you as if it were bright light, and in darkness as if it were dim light. You can't discern color in darkness, only shades of gray.</text>
	</trait>
	<trait>
		<name>Aggressive</name>
		<text>As a bonus action, you can move up to your movement speed toward a hostile creature you can see or hear. You must end this move closer to the enemy than you started.</text>
	</trait>
	<trait>
		<name>Menacing</name>
		<text>You are trained in the Intimidation skill.</text>
	</trait>
	<trait>
		<name>Powerful Build</name>
		<text>You count as one size larger when determining your carrying capacity and the weight you can push, drag, or lift.</text>
	</trait>
	<trait>
		<name>Languages</name>
		<text>You can speak, read, and write Common and Orc.</text>
	</trait>
</race>
<race>
	<name>Tabaxi</name>
	<size>M</size>
	<speed>30</speed>
	<ability>Dex 2, Cha 1</ability>
	<proficiency>Perception, Stealth</proficiency>
	<trait>
		<name>Darkvision</name>
		<text>You have a cat's keen senses, especially in the dark. You can see in dim light within 60 feet of you as if it were bright light, and in darkness as if it were dim light. You can't discern color in darkness, only shades of gray.</text>
	</trait>
	<trait>
		<name>Feline Agility</name>
		<text>Your reflexes and agility allow you to move with a burst of speed. When you move on your turn in combat, you can double your speed until the end of the turn. Once you use this trait, you can't use it again until you move 0 feet on one of your turns.</text>
	</trait>
	<trait>
		<name>Cat's Claws</name>
		<text>Because of your claws, you have a climbing speed of 20 feet. In addition, your claws are natural weapons, which you can use to make unarmed strikes. If you hit with them, you deal slashing damage equal to 1d4 + your Strength modifier, instead of the bludgeoning damage normal for an unarmed strike.</text>
	</trait>
	<trait>
		<name>Cat's Talents</name>
		<text>You have proficiency in the Perception and Stealth skills.</text>
	</trait>
	<trait>
		<name>Languages</name>
		<text>You can speak, read, and write Common and one other language of your choice.</text>
	</trait>
</race>
<race>
	<name>Triton</name>
	<size>M</size>
	<speed>30</speed>
	<ability>Str 1, Cha 1, Con 1</ability>
	<proficiency></proficiency>
	<trait>
		<name>Swim Speed</name>
		<text>You have a swimming speed of 30 feet.</text>
	</trait>
	<trait>
		<name>Amphibious</name>
		<text>You can breathe air and water.</text>
	</trait>
	<trait>
		<name>Control Air and Water</name>
		<text>A child of the sea, you can call on the magic of elemental air and water. You can cast fog cloud with this trait. Starting at 3rd level, you can cast gust of wind with it, and starting at 5th level, you can also cast wall of water with it. Once you cast a spell with this trait, you can't do so again until you finish a long rest. Charisma is your spellcasting ability for these spells.</text>
	</trait>
	<trait>
		<name>Emissary of the Sea</name>
		<text>Aquatic beasts have an extraordinary affinity with your people. You can communicate simple ideas with beasts that can breathe water. They can understand the meaning of your words, though you have no special ability to understand them in return.</text>
	</trait>
	<trait>
		<name>Guardians of the Depths</name>
		<text>Adapted to even the most extreme ocean depths, you have resistance to cold damage, and you ignore any of the drawbacks caused by a deep, underwater environment.</text>
	</trait>
	<trait>
		<name>Languages</name>
		<text>You can speak, read, and write Common and Primordial.</text>
	</trait>
</race>
<race>
	<name>Yuan-ti Pureblood</name>
	<size>M</size>
	<speed>30</speed>
	<ability>Cha 2, Int 1</ability>
	<proficiency></proficiency>
	<trait>
		<name>Darkvision</name>
		<text>You can see in dim light within 60 feet of you as if it were bright light, and in darkness as if it were dim light. You can't discern color in darkness, only shades of gray.</text>
	</trait>
	<trait>
		<name>Innate Spellcasting</name>
		<text>You know the poison spray cantrip. You can cast animal friendship an unlimited number of times with this trait, but you can target only snakes with it. Starting at 3rd level, you can also cast suggestion with this trait. Once you cast it, you can't do so again until you finish a long rest. Charisma is your spellcasting ability for these spells.</text>
	</trait>
	<trait>
		<name>Magic Resistance</name>
		<text>You have advantage on saving throws against spells and other magical effects.</text>
	</trait>
	<trait>
		<name>Poison Immunity</name>
		<text>You are immune to poison damage and the poisoned condition.</text>
	</trait>
	<trait>
		<name>Languages</name>
		<text>You can speak, read, and write Common, Abyssal, and Draconic.</text>
	</trait>
</race>
</compendium>