<?xml version="1.0" encoding="UTF-8"?>
<compendium version="5">
<!--Hoard of the Dragon Queen-->
	<monster>
		<name>Ambush Drake</name>
		<size>M</size>
		<type>dragon, tyranny of dragons</type>
		<alignment>unaligned</alignment>
		<ac>13 (natural armor)</ac>
		<hp>22 (4d6+8)</hp>
		<speed>30 ft.</speed>
		<str>13</str>
		<dex>15</dex>
		<con>14</con>
		<int>4</int>
		<wis>11</wis>
		<cha>6</cha>
		<skill>Perception +4, Stealth +4</skill>
		<resist>poison</resist>
		<senses>darkvision 60 ft.</senses>
		<passive>14</passive>
		<languages>understands Draconic but can't speak it</languages>
		<cr>1/2</cr>
		<trait>
			<name>Pack Tactics</name>
			<text>The drake has advantage on an attack roll against a creature if at least one of the drake's allies is within 5 feet of the creature and the ally isn't incapacitated.</text>
		</trait>
		<trait>
			<name>Surprise Attack</name>
			<text>If the drake surprises a creature and hits it with an attack during the first round of combat, the target takes an extra 7 (2d6) damage from the attack.</text>
			<attack>Surprise Attack||2d6</attack>
		</trait>
		<action>
			<name>Bite</name>
			<text>Melee Weapon Attack: +4 to hit, reach 5 ft., one target. Hit: 4 (1d6 + 1) piercing damage.</text>
			<attack>Bite|4|1d6+1</attack>
		</action>
	</monster>
	<monster>
		<name>Azbara Jos</name>
		<size>M</size>
		<type>humanoid (human), tyranny of dragons</type>
		<alignment>lawful evil</alignment>
		<ac>13 (16 with mage armor)</ac>
		<hp>39 (6d8+12)</hp>
		<speed>30 ft.</speed>
		<str>9</str>
		<dex>16</dex>
		<con>14</con>
		<int>16</int>
		<wis>13</wis>
		<cha>11</cha>
		<save>Int +5, Wis +3</save>
		<skill>Arcana +5, Deception +2, Insight +3, Stealth +5</skill>
		<passive>11</passive>
		<languages>Common, Draconic, Infernal, Primordial, Thayan</languages>
		<cr>4</cr>
		<trait>
			<name>Special Equipment</name>
			<text>Azbara has two scrolls of mage armor.</text>
		</trait>
		<trait>
			<name>Potent Cantrips</name>
			<text>When Azbara casts an evocation Cantrips and misses, or the target succeeds on its saving throw, the target still takes half the cantrip's damage but suffers no other effect.</text>
		</trait>
		<trait>
			<name>Sculpt Spells</name>
			<text>When Azbara casts an evocation spell that affects other creatures that he can see, he can choose a number of them equal to 1+the spell's level to succeed on their saving throws against the spell. Those creatures take no damage if they would normally take half damage from the spell.</text>
		</trait>
		<trait>
			<name>Spellcasting</name>
			<text>Azbara is a 6th-level spellcaster that uses Intelligence as his spellcasting ability (spell save DC 13, +5 to hit with spell attacks). Azbara has the following spells prepared from the wizard spell list: </text>
			<text />
			<text>• Cantrips (at will): mage hand, prestidigitation, ray of frost, shocking grasp</text>
			<text>• 1st level (4 slots): fog cloud, magic missile, shield, thunderwave</text>
			<text>• 2nd level (3 slots): invisibility, misty step, scorching ray</text>
			<text>• 3rd level (3 slots): counterspell, dispel magic, fireball</text>
		</trait>
		<action>
			<name>Dagger</name>
			<text>Melee or Ranged Weapon Attack: +5 to hit, reach 5 ft. or ranged 20 ft./60 ft., one target. Hit: 5 (1d4 + 3) piercing damage.</text>
			<attack>Dagger|5|1d4+3</attack>
		</action>
		<spells>mage hand, prestidigitation, ray of frost, shocking grasp, fog cloud, magic missile, shield, thunderwave, invisibility, misty step, scorching ray, counterspell, dispel magic, fireball</spells>
		<slots>4,3,3,0,0,0,0,0,0</slots>
	</monster>
	<monster>
		<name>Blagothkus</name>
		<size>H</size>
		<type>giant (cloud giant), tyranny of dragons</type>
		<alignment>neutral evil</alignment>
		<ac>17 (splint)</ac>
		<hp>138 (12d12+60)</hp>
		<speed>40 ft.</speed>
		<str>26</str>
		<dex>13</dex>
		<con>20</con>
		<int>16</int>
		<wis>15</wis>
		<cha>15</cha>
		<save>Con +9, Wis +6, Cha +6</save>
		<skill>Arcana +7, Insight +6, Intimidation +6, Perception +6</skill>
		<passive>16</passive>
		<languages>Common, Draconic, Giant</languages>
		<cr>9</cr>
		<trait>
			<name>Keen Smell</name>
			<text>Blagothkus has advantage on Wisdom (Perception) checks that rely on smell.</text>
		</trait>
		<trait>
			<name>Innate Spellcasting</name>
			<text>Blagothkus can innately cast the following spells (spell save DC 15), requiring no material components: </text>
			<text />
			<text>• 3/day each: fog cloud, levitate</text>
		</trait>
		<trait>
			<name>Spellcasting</name>
			<text>Blagothkus is a 5th-level spellcaster that uses Intelligence as his spellcasting ability (spell save DC 15, +7 to hit with spell attacks). Blagothkus has the following spells prepared from the wizard spell list: </text>
			<text />
			<text>• Cantrips (at will): light, mage hand, prestidigitation</text>
			<text>• 1st level (4 slots): detect magic, identify, magic missile, shield</text>
			<text>• 2nd level (3 slots): gust of wind, misty step, shatter</text>
			<text>• 3rd level (2 slots): fly, lightning bolt</text>
		</trait>
		<action>
			<name>Multiattack</name>
			<text>Blagothkus attacks twice with his morningstar.</text>
		</action>
		<action>
			<name>Morningstar</name>
			<text>Melee Weapon Attack: +10 to hit, reach 10 ft., one target. Hit: 21 (3d8 + 8) piercing damage.</text>
			<attack>Morningstar|10|3d8+8</attack>
		</action>
		<spells>fog cloud, levitate, light, mage hand, prestidigitation, detect magic, identify, magic missile, shield, gust of wind, misty step, shatter, fly, lightning bolt</spells>
		<slots>4,3,2,0,0,0,0,0,0</slots>
	</monster>
	<monster>
		<name>Captain Othelstan</name>
		<size>M</size>
		<type>humanoid (human), tyranny of dragons</type>
		<alignment>lawful evil</alignment>
		<ac>19 (splint, shield)</ac>
		<hp>93 (11d10+33)</hp>
		<speed>30 ft.</speed>
		<str>19</str>
		<dex>10</dex>
		<con>16</con>
		<int>13</int>
		<wis>14</wis>
		<cha>12</cha>
		<save>Str +7, Con +6</save>
		<skill>Athletics +7, Intimidation +7, Perception +5, Religion +4</skill>
		<passive>15</passive>
		<languages>Common, Draconic, Giant</languages>
		<cr>5</cr>
		<trait>
			<name>Action Surge (Recharges on a Short or Long Rest)</name>
			<text>On his turn, Othelstan can take one additional action.</text>
		</trait>
		<trait>
			<name>Tiamat's Blessing of Retribution</name>
			<text>When Othelstan takes damage that reduces him to 0 hit points, he immediately regains 20 hit points. If he has 20 hit points or fewer at the end of his next turn, he dies.</text>
		</trait>
		<action>
			<name>Multiattack</name>
			<text>Othelstan attacks twice with his flail or spear, or makes two ranged attacks with his spears.</text>
		</action>
		<action>
			<name>Flail</name>
			<text>Melee Weapon Attack: +7 to hit, reach 5 ft., one target. Hit: 8 (1d8 + 4) bludgeoning damage.</text>
			<attack>Flail|7|1d8+4</attack>
		</action>
		<action>
			<name>Spear</name>
			<text>Melee or Ranged Weapon Attack: +7 to hit, reach 5 ft. or ranged 20 ft./60 ft., one target. Hit: 7 (1d6 + 4) piercing damage.</text>
			<attack>One Handed|7|1d6+4</attack>
			<attack>Two Handed|7|1d8+4</attack>
		</action>
	</monster>
	<monster>
		<name>Dragonclaw</name>
		<size>M</size>
		<type>humanoid (human), tyranny of dragons</type>
		<alignment>neutral evil</alignment>
		<ac>14 (leather armor)</ac>
		<hp>16 (3d8+3)</hp>
		<speed>30 ft.</speed>
		<str>9</str>
		<dex>16</dex>
		<con>13</con>
		<int>11</int>
		<wis>10</wis>
		<cha>12</cha>
		<save>Wis +2</save>
		<skill>Deception +3, Stealth +5</skill>
		<passive>10</passive>
		<languages>Common, Draconic</languages>
		<cr>1</cr>
		<trait>
			<name>Dragon Fanatic</name>
			<text>The dragonclaw has advantage on saving throws against being charmed or frightened. While the dragonclaw can see a dragon or higher-ranking Cult of the Dragon cultist friendly to it, the dragonclaw ignores the effects of being charmed or frightened.</text>
		</trait>
		<trait>
			<name>Fanatic Advantage</name>
			<text>Once per turn, if the dragonclaw makes a weapon attack with advantage on the attack roll and hits, it deals an extra 7 (2d6) damage.</text>
			<attack>Fanatic Advantage||2d6</attack>
		</trait>
		<trait>
			<name>Pack Tactics</name>
			<text>The dragonclaw has advantage on an attack roll against a creature if at least one of the dragonclaw's allies is within 5 feet of the creature and the ally isn't incapacitated.</text>
		</trait>
		<action>
			<name>Multiattack</name>
			<text>The dragonclaw attacks twice with its scimitar.</text>
		</action>
		<action>
			<name>Scimitar</name>
			<text>Melee Weapon Attack: +5 to hit, reach 5 ft., one target. Hit: 6 (1d6 + 3) slashing damage.</text>
			<attack>Scimitar|5|1d6+3</attack>
		</action>
	</monster>
	<monster>
		<name>Dragonwing</name>
		<size>M</size>
		<type>humanoid (human), tyranny of dragons</type>
		<alignment>neutral evil</alignment>
		<ac>14 (leather armor)</ac>
		<hp>33 (6d8+6)</hp>
		<speed>30 ft.</speed>
		<str>11</str>
		<dex>16</dex>
		<con>13</con>
		<int>11</int>
		<wis>11</wis>
		<cha>13</cha>
		<save>Wis +2</save>
		<skill>Deception +3, Stealth +5</skill>
		<resist>one of the following: acid, cold, fire, lightning, or poison</resist>
		<passive>10</passive>
		<languages>Common, Draconic</languages>
		<cr>2</cr>
		<trait>
			<name>Dragon Fanatic</name>
			<text>The dragonwing has advantage on saving throws against being charmed or frightened. While the dragonwing can see a dragon or higher-ranking Cult of the Dragon cultist friendly to it, the dragonwing ignores the effects of being charmed or frightened.</text>
		</trait>
		<trait>
			<name>Fanatic Advantage</name>
			<text>Once per turn, if the dragonwing makes a weapon attack with advantage on the attack roll and hits, the target takes an extra 7 (2d6) damage.</text>
			<attack>Fanatic Advantage||2d6</attack>
		</trait>
		<trait>
			<name>Limited Flight</name>
			<text>The dragonwing can use a bonus action to gain a flying speed of 30 feet until the end of its turn.</text>
		</trait>
		<trait>
			<name>Pack Tactics</name>
			<text>The dragonwing has advantage on an attack roll against a creature if at least one of the dragonwing's allies is within 5 feet of the creature and the ally isn't incapacitated.</text>
		</trait>
		<action>
			<name>Multiattack</name>
			<text>The dragonwing attacks twice with its scimitar.</text>
		</action>
		<action>
			<name>Scimitar</name>
			<text>Melee Weapon Attack: +5 to hit, reach 5 ft., one target. Hit: 6 (1d6 + 3) slashing damage plus 3 (1d6) damage of the type to which the cultist has resistance.</text>
			<attack>Scimitar|5|1d6+3+1d6</attack>
		</action>
	</monster>
	<monster>
		<name>Dralmorrer Borngray</name>
		<size>M</size>
		<type>humanoid (high elf), tyranny of dragons</type>
		<alignment>neutral evil</alignment>
		<ac>16 (studded leather, shield)</ac>
		<hp>52 (7d10+14)</hp>
		<speed>30 ft.</speed>
		<str>18</str>
		<dex>14</dex>
		<con>14</con>
		<int>16</int>
		<wis>10</wis>
		<cha>8</cha>
		<save>Str +6, Con +4</save>
		<skill>Arcana +5, Deception +1, Insight +2, Perception +2, Religion +5</skill>
		<senses>darkvision 60 ft.</senses>
		<passive>12</passive>
		<languages>Common, Bullywug, Draconic, Elvish, Goblin, Sylvan</languages>
		<cr>3</cr>
		<trait>
			<name>Fey Ancestry</name>
			<text>Dralmorrer has advantage on saving throws against being charmed, and magic can't put him to sleep.</text>
		</trait>
		<trait>
			<name>Spellcasting</name>
			<text>Dralmorrer is a 7th-level spellcaster that uses Intelligence as his spellcasting ability (spell save DC 13, +5 to hit with spell attacks). Dralmorrer has the following spells prepared from the wizard spell list: </text>
			<text />
			<text>• Cantrips (at will): fire bolt, prestidigitation, shocking grasp</text>
			<text>• 1st level (4 slots): longstrider, magic missile, shield, thunderwave</text>
			<text>• 2nd level (2 slots): magic weapon, misty step</text>
		</trait>
		<trait>
			<name>War Magic</name>
			<text>When Dralmorrer uses his action to cast a cantrip, he can also take a bonus action to make one weapon attack.</text>
		</trait>
		<trait>
			<name>Weapon Bond</name>
			<text>Provided his longsword is on the same plane Dralmorrer can take a bonus action to teleport it to his hand.</text>
		</trait>
		<action>
			<name>Multiattack</name>
			<text>Dralmorrer attacks twice, either with his longsword or dagger.</text>
		</action>
		<action>
			<name>Longsword</name>
			<text>Melee Weapon Attack: +6 to hit, reach 5 ft., one target. Hit: 8 (1d8 + 4) slashing damage.</text>
			<attack>One Handed|6|1d8+4</attack>
			<attack>Two Handed|6|1d10+4</attack>
		</action>
		<action>
			<name>Dagger</name>
			<text>Melee or Ranged Weapon Attack: +6 to hit, reach 5 ft. or ranged 20 ft./60 ft., one target. Hit: 6 (1d4 + 4) piercing damage.</text>
			<attack>Dagger|6|1d4+4</attack>
		</action>
		<spells>fire bolt, prestidigitation, shocking grasp, longstrider, magic missile, shield, thunderwave, magic weapon, misty step</spells>
		<slots>4,2,0,0,0,0,0,0,0</slots>
	</monster>
	<monster>
		<name>Frulam Mondath</name>
		<size>M</size>
		<type>humanoid (human), tyranny of dragons</type>
		<alignment>lawful evil</alignment>
		<ac>16 (chain mail)</ac>
		<hp>44 (8d8+8)</hp>
		<speed>30 ft.</speed>
		<str>14</str>
		<dex>10</dex>
		<con>13</con>
		<int>11</int>
		<wis>18</wis>
		<cha>15</cha>
		<save>Wis +6, Cha +4</save>
		<skill>Deception +4, History +2, Religion +2</skill>
		<passive>14</passive>
		<languages>Common, Draconic, Infernal</languages>
		<cr>2</cr>
		<trait>
			<name>Spellcasting</name>
			<text>Frulam is a 5th-level spellcaster that uses Wisdom as her spellcasting ability (spell save DC 14, +6 to hit with spell attacks). Frulam has the following spells prepared from the cleric spell list: </text>
			<text />
			<text>• Cantrips (at will): light, sacred flame, thaumaturgy</text>
			<text>• 1st level (4 slots): command, cure wounds, healing word, sanctuary</text>
			<text>• 2nd level (3 slots): calm emotions, hold person, spiritual weapon</text>
			<text>• 3rd level (2 slots): mass healing word, spirit guardians</text>
		</trait>
		<action>
			<name>Multiattack</name>
			<text>Frulam attacks twice with her halberd.</text>
		</action>
		<action>
			<name>Halberd</name>
			<text>Melee Weapon Attack: +5 to hit, reach 10 ft., one target. Hit: 7 (1d10 + 2) bludgeoning damage.</text>
			<attack>Halberd|5|1d10+2</attack>
		</action>
		<spells>light, sacred flame, thaumaturgy, command, cure wounds, healing word, sanctuary, calm emotions, hold person, spiritual weapon, mass healing word, spirit guardians</spells>
		<slots>4,3,2,0,0,0,0,0,0</slots>
	</monster>
	<monster>
		<name>Guard Drake</name>
		<size>M</size>
		<type>dragon, tyranny of dragons</type>
		<alignment>unaligned</alignment>
		<ac>14 (natural armor)</ac>
		<hp>52 (7d8+21)</hp>
		<speed>30 ft.</speed>
		<str>16</str>
		<dex>11</dex>
		<con>16</con>
		<int>4</int>
		<wis>10</wis>
		<cha>7</cha>
		<skill>Perception +2</skill>
		<resist>lightning</resist>
		<senses>darkvision 60 ft.</senses>
		<passive>12</passive>
		<languages>understands Draconic but can't speak it</languages>
		<cr>2</cr>
		<action>
			<name>Multiattack</name>
			<text>The drake attacks twice, once with its bite and once with its tail.</text>
		</action>
		<action>
			<name>Bite</name>
			<text>Melee Weapon Attack: +5 to hit, reach 5 ft., one target. Hit: 7 (1d8 + 3) piercing damage.</text>
			<attack>Bite|5|1d8+3</attack>
		</action>
		<action>
			<name>Tail</name>
			<text>Melee Weapon Attack: +5 to hit, reach 5 ft., one target. Hit: 6 (1d6 + 3) bludgeoning damage.</text>
			<attack>Tail|5|1d6+3</attack>
		</action>
	</monster>
	<monster>
		<name>Jamna Gleamsilver</name>
		<size>S</size>
		<type>humanoid (gnome), tyranny of dragons</type>
		<alignment>neutral</alignment>
		<ac>15 (leather armor)</ac>
		<hp>22 (4d6+8)</hp>
		<speed>25 ft.</speed>
		<str>8</str>
		<dex>17</dex>
		<con>14</con>
		<int>15</int>
		<wis>10</wis>
		<cha>12</cha>
		<save>Dex +5, Int +4</save>
		<skill>Acrobatics +5, Deception +3, Insight +2, Perception +4, Persuasion +3, Stealth +7</skill>
		<senses>darkvision 60 ft.</senses>
		<passive>14</passive>
		<languages>Common, Gnomish, Goblin, Sylvan</languages>
		<cr>1</cr>
		<trait>
			<name>Cunning Action</name>
			<text>Jamna can take a bonus action to take the Dash, Disengage, or Hide action.</text>
		</trait>
		<trait>
			<name>Gnome Cunning</name>
			<text>Jamna has advantage on Intelligence, Wisdom and Charisma saving throws against magic.</text>
		</trait>
		<trait>
			<name>Spellcasting</name>
			<text>Jamna is a 4th-level spellcaster that uses Intelligence as her spellcasting ability (spell save DC 12, +4 to hit with spell attacks). Jamna has the following spells prepared from the wizard spell list.</text>
			<text />
			<text>• Cantrips (at will): mage hand, minor illusion, prestidigitation, ray of frost</text>
			<text>• 1st level (3 slots): charm person, color spray, disguise self, longstrider</text>
		</trait>
		<action>
			<name>Multiattack</name>
			<text>Jamna attacks twice with her shortswords.</text>
		</action>
		<action>
			<name>Shortsword</name>
			<text>Melee Weapon Attack: +5 to hit, reach 5 ft., one target. Hit: 6 (1d6 + 3) piercing damage, or 9 (1d6 + 3) plus (1d6) piercing damage if the target is Medium or larger.</text>
			<attack>Shortsword|5|1d6+3</attack>
			<attack>Shortsword vs medium or larger|5|1d6+3+1d6</attack>
		</action>
		<spells>mage hand, minor illusion, prestidigitation, ray of frost, charm person, color spray, disguise self, longstrider</spells>
		<slots>3,0,0,0,0,0,0,0,0</slots>
	</monster>
	<monster>
		<name>Langdedrosa Cyanwrath</name>
		<size>M</size>
		<type>humanoid (half-dragon), tyranny of dragons</type>
		<alignment>lawful evil</alignment>
		<ac>17 (splint)</ac>
		<hp>57 (6d12+18)</hp>
		<speed>30 ft.</speed>
		<str>19</str>
		<dex>13</dex>
		<con>16</con>
		<int>10</int>
		<wis>14</wis>
		<cha>12</cha>
		<save>Str +6, Con +5</save>
		<skill>Athletics +6, Intimidation +3, Perception +4</skill>
		<resist>lightning</resist>
		<senses>blindsight 10 ft., darkvision 60 ft.</senses>
		<passive>14</passive>
		<languages>Common, Draconic</languages>
		<cr>4</cr>
		<trait>
			<name>Action Surge (Recharges on a Short or Long Rest)</name>
			<text>On his turn, Langdedrosa can take one additional action.</text>
		</trait>
		<trait>
			<name>Improved Critical</name>
			<text>Langdedrosa's weapon attacks score a critical hit on a roll of 19 or 20.</text>
		</trait>
		<action>
			<name>Multiattack</name>
			<text>Langdedrosa attacks twice, either with his greatsword or spear.</text>
		</action>
		<action>
			<name>Greatsword</name>
			<text>Melee Weapon Attack: +6 to hit, reach 5 ft., one target. Hit: 11 (2d6 + 4) slashing damage.</text>
			<attack>Greatsword|6|2d6+4</attack>
		</action>
		<action>
			<name>Spear</name>
			<text>Melee or Ranged Weapon Attack: +6 to hit, reach 5 ft. or ranged 20 ft.,/60 ft., one target. Hit: 7 (1d6 + 4) piercing damage.</text>
			<attack>One Handed|6|1d6+4</attack>
			<attack>Two Handed|6|1d8+4</attack>
		</action>
		<action>
			<name>Lightning Breath (Recharge 5-6)</name>
			<text>Langdedrosa breathes lightning in a 30-foot line that is 5 feet wide. Each creature in the line must make a DC 13 Dexterity saving throw, taking 22 (4d10) lightning damage on a failed save, or half as much damage on a successful one.</text>
			<attack>Lightning Breath||4d10</attack>
		</action>
	</monster>
	<monster>
		<name>Pharblex Spattergoo</name>
		<size>M</size>
		<type>humanoid (bullywug), tyranny of dragons</type>
		<alignment>chaotic evil</alignment>
		<ac>15 (studded leather armor, shield)</ac>
		<hp>59 (7d8+28)</hp>
		<speed>20 ft., swim 40 ft.</speed>
		<str>15</str>
		<dex>12</dex>
		<con>18</con>
		<int>11</int>
		<wis>16</wis>
		<cha>7</cha>
		<save>Str +4, Con +6</save>
		<skill>Perception +5, Religion +2, Stealth +3</skill>
		<passive>15</passive>
		<languages>Common, Bullywug</languages>
		<cr>3</cr>
		<trait>
			<name>Amphibious</name>
			<text>Pharblex can breathe air and water.</text>
		</trait>
		<trait>
			<name>Poison Strike (3/Day)</name>
			<text>Once per turn, when Pharblex hits with a melee attack, he can expend a use of this trait to deal an extra 9 (2d8) poison damage.</text>
			<attack>Poison Strike||2d8</attack>
		</trait>
		<trait>
			<name>Spellcasting</name>
			<text>Pharblex is a 6th-level spellcaster that uses Wisdom as his spellcasting ability (spell save DC 13, +5 to hit with spell attacks). Pharblex has the following spells prepared from the druid spell list: </text>
			<text />
			<text>• Cantrips (at will): druidcraft, guidance, poison spray</text>
			<text>• 1st level (4 slots): cure wounds, entangle, healing word, thunderwave</text>
			<text>• 2nd level (3 slots): barkskin, beast sense, spike growth</text>
			<text>• 3rd level (3 slots): plant growth, water walk</text>
		</trait>
		<trait>
			<name>Standing Leap</name>
			<text>As part of his movement and without a running start, Pharblex can long jump up to 20 feet and high jump up to 10 feet.</text>
		</trait>
		<trait>
			<name>Swamp Camouflage</name>
			<text>Pharblex has advantage on Dexterity (Stealth) checks made to hide in swampy terrain.</text>
		</trait>
		<action>
			<name>Multiattack</name>
			<text>Pharblex attacks twice. Once with his bite and once with his spear.</text>
		</action>
		<action>
			<name>Bite</name>
			<text>Melee Weapon Attack: +5 to hit, reach 5 ft., one target. Hit: 4 (1d4 + 2) piercing damage.</text>
			<attack>Bite|5|1d4+2</attack>
		</action>
		<action>
			<name>Spear</name>
			<text>Melee or Ranged Weapon Attack: +5 to hit. reach 5 ft. or ranged 20 ft./60 ft., one target. Hit: 5 (1d6 + 2) piercing damage.</text>
			<attack>One Handed|5|1d6+2</attack>
			<attack>Two Handed|5|1d8+2</attack>
		</action>
		<spells>druidcraft, guidance, poison spray, cure wounds, entangle, healing word, thunderwave, barkskin, beast sense, spike growth, plant growth, water walk</spells>
		<slots>4,3,3,0,0,0,0,0,0</slots>
	</monster>
	<monster>
		<name>Rath Modar</name>
		<size>M</size>
		<type>humanoid (human), tyranny of dragons</type>
		<alignment>lawful evil</alignment>
		<ac>13 (16 with mage armor)</ac>
		<hp>71 (11d8+22)</hp>
		<speed>30 ft.</speed>
		<str>11</str>
		<dex>16</dex>
		<con>14</con>
		<int>18</int>
		<wis>14</wis>
		<cha>10</cha>
		<save>Int +7, Wis +5</save>
		<skill>Arcana +7, Deception +3, Insight +5, Stealth +6</skill>
		<passive>12</passive>
		<languages>Common, Draconic, Infernal, Primordial, Thayan</languages>
		<cr>6</cr>
		<trait>
			<name>Special Equipment</name>
			<text>Rath has a staff of fire, and scrolls of dimension door, feather fall, and fireball.</text>
		</trait>
		<trait>
			<name>Spellcasting</name>
			<text>Rath is an 11th-level spellcaster who uses Intelligence as his spellcasting ability (spell save DC 15, +7 to hit with spell attacks). Rath has the following spells prepared from the wizard spell list: </text>
			<text />
			<text>• Cantrips (at will): fire bolt, minor illusion, prestidigitation, shocking grasp</text>
			<text>• 1st level (4 slots): chromatic orb, color spray, mage armor, magic missile</text>
			<text>• 2nd level (3 slots): detect thoughts, mirror image, phantasmal force</text>
			<text>• 3rd level (3 slots): counterspell, fireball, major image</text>
			<text>• 4th level (3 slots): confusion, greater invisibility</text>
			<text>• 5th level (2 slots): mislead, seeming</text>
			<text>• 6th level (1 slot): globe of invulnerability</text>
		</trait>
		<action>
			<name>Quarterstaff</name>
			<text>Melee Weapon Attack: +4 to hit, reach 5 ft., one target. Hit: 4 (1d8) bludgeoning damage.</text>
			<attack>One Handed|4|1d6</attack>
			<attack>Two Handed|4|1d8</attack>
		</action>
		<reaction>
			<name>Illusory Self (Recharges on a Short or Long Rest)</name>
			<text>When a creature Rath can see makes an attack roll against him, he can interpose an illusory duplicate between the attacker and him. The attack automatically misses Rath, then the illusion dissipates.</text>
		</reaction>
		<spells>fire bolt, minor illusion, prestidigitation, shocking grasp, chromatic orb, color spray, mage armor, magic missile, detect thoughts, mirror image, phantasmal force, counterspell, fireball, major image, confusion, greater invisibility, mislead, seeming, globe of invulnerability</spells>
		<slots>4,3,3,3,2,1,0,0,0</slots>
	</monster>
	<monster>
		<name>Rezmir</name>
		<size>M</size>
		<type>humanoid (half-black dragon), tyranny of dragons</type>
		<alignment>neutral evil</alignment>
		<ac>13 (15 with the Black Dragon Mask)</ac>
		<hp>90 (12d8+36)</hp>
		<speed>30 ft.</speed>
		<str>18</str>
		<dex>16</dex>
		<con>16</con>
		<int>15</int>
		<wis>12</wis>
		<cha>14</cha>
		<save>Dex +6, Wis +4</save>
		<skill>Arcana +5, Stealth +9</skill>
		<immune>acid</immune>
		<conditionImmune>charmed, frightened</conditionImmune>
		<senses>blindsight 10 ft., darkvision 120 ft.</senses>
		<passive>11</passive>
		<languages>Common, Draconic, Infernal, Giant, Netherese</languages>
		<cr>7</cr>
		<trait>
			<name>Special Equipment</name>
			<text>Rezmir has the Black Dragon Mask, Hazirawn, and an insignia of claws.</text>
		</trait>
		<trait>
			<name>Amphibious</name>
			<text>Rezmir can breathe air and water.</text>
		</trait>
		<trait>
			<name>Dark Advantage</name>
			<text>Once per turn, Rezmir can deal an extra 10 (3d6) damage when she hits with a weapon attack, provided Rezmir has advantage on the attack roll.</text>
			<attack>Dark Advantage||3d6</attack>
		</trait>
		<trait>
			<name>Draconic Majesty</name>
			<text>While wearing no armor and wearing the Black Dragon Mask, Rezmir adds her Charisma bonus to her AC (included).</text>
		</trait>
		<trait>
			<name>Immolation</name>
			<text>When Rezmir is reduced to 0 hit points, her body disintegrates into a pile of ash.</text>
		</trait>
		<trait>
			<name>Legendary Resistance (1/Day)</name>
			<text>If Rezmir fails a saving throw while wearing the Black Dragon Mask, she can choose to succeed instead.</text>
		</trait>
		<action>
			<name>Greatsword (Hazirawn)</name>
			<text>Melee Weapon Attack: +9 to hit, reach 5 ft., one target. Hit: 13 (2d6 + 6) slashing damage plus 7 (2d6) necrotic damage. If the target is a creature, it can't regain hit points for 1 minute. The target can make a DC 15 Constitution saving throw at the end of each of its turns, ending this effect early on a success.</text>
			<attack>Greatsword|9|2d6+6+2d6</attack>
		</action>
		<action>
			<name>Caustic Bolt</name>
			<text>Ranged Spell Attack: +8 to hit, range 90 ft., one target. Hit: 18 (4d8) acid damage.</text>
			<attack>Caustic Bolt|8|4d8</attack>
		</action>
		<action>
			<name>Acid Breath (Recharge 5-6)</name>
			<text>Rezmir breathes acid in a 30-foot line that is 5 feet wide. Each creature in the line must make a DC 14 Dexterity saving throw, taking 22 (5d8) acid damage on a failed save, or half as much damage on a successful one.</text>
			<attack>Acid Breath||5d8</attack>
		</action>
		<legendary>
			<name>Darkness (Costs 2 Actions)</name>
			<text>If she is wearing the Black Dragon Mask, Rezmir can take up to two legendary actions between each of her turns, taking the actions all at once or spreading them over the round. A legendary action can be taken only at the start or end of a turn.</text>
			<text>A 15-foot radius of magical darkness extends from a point Rezmir can see within 60 feet of her and spreads around corners. The darkness lasts as long as Rezmir maintains concentration, up to 1 minute. A creature with darkvision can't see through this darkness, and no natural light can illuminate it. If any of the area overlaps with a area of light created by a spell of 2nd level or lower, the spell creating the light is dispelled.</text>
		</legendary>
		<legendary>
			<name>Attack</name>
			<text>Rezmir makes one melee attack.</text>
		</legendary>
		<legendary>
			<name>Hide</name>
			<text>Rezmir takes the Hide action.</text>
		</legendary>
	</monster>
	<monster>
		<name>Talis the White</name>
		<size>M</size>
		<type>humanoid (half-elf), tyranny of dragons</type>
		<alignment>lawful evil</alignment>
		<ac>18 (scale mail +1, shield)</ac>
		<hp>58 (9d8+18)</hp>
		<speed>30 ft.</speed>
		<str>14</str>
		<dex>12</dex>
		<con>14</con>
		<int>10</int>
		<wis>16</wis>
		<cha>16</cha>
		<save>Wis +6, Cha +6</save>
		<skill>Deception +6, Insight +6, Perception +6, Persuasion +6</skill>
		<senses>darkvision 60 ft.</senses>
		<passive>16</passive>
		<languages>Common, Draconic, Elvish, Infernal</languages>
		<cr>5</cr>
		<trait>
			<name>Special Equipment</name>
			<text>Talis has +1 scale mail and a wand of winter.</text>
		</trait>
		<trait>
			<name>Fey Ancestry</name>
			<text>Talis has advantage on saving throws against being charmed, and magic can't put her to sleep.</text>
		</trait>
		<trait>
			<name>Spellcasting</name>
			<text>Talis is a 9th-level spellcaster that uses Wisdom as her spellcasting ability (spell save DC 14, +6 to hit with spell attacks). Talis has the following spells prepared from the cleric spell list: </text>
			<text />
			<text>• Cantrips (at will): guidance, resistance, thaumaturgy</text>
			<text>• 1st level (4 slots): command, cure wounds, healing word, inflict wounds</text>
			<text>• 2nd level (3 slots): blindness/deafness, lesser restoration, spiritual weapon (spear) </text>
			<text>• 3rd level (3 slots): dispel magic, mass healing word, sending</text>
			<text>• 4th level (3 slots): death ward, freedom of movement</text>
			<text>• 5th level (1 slot): insect plague</text>
		</trait>
		<trait>
			<name>Winter Strike (3/Day)</name>
			<text>Once per turn, when Talis hits with a melee attack, she can expend a use of this trait to deal an extra 9 (2d8) cold damage.</text>
			<attack>Winter Strike||2d8</attack>
		</trait>
		<action>
			<name>Spear</name>
			<text>Melee or Ranged Weapon Attack: +5 to hit, reach 5 ft. or ranged 20 ft./60 ft., one target. Hit: 6 (1d6 + 2) piercing damage.</text>
			<attack>One Handed|5|1d6+2</attack>
			<attack>Two Handed|5|1d8+2</attack>
		</action>
		<spells>guidance, resistance, thaumaturgy, command, cure wounds, healing word, inflict wounds, blindness/deafness, lesser restoration, spiritual weapon, dispel magic, mass healing word, sending, death ward, freedom of movement, insect plague</spells>
		<slots>4,3,3,3,1,0,0,0,0</slots>
	</monster>
</compendium>
