<?xml version="1.0" encoding="UTF-8"?>
<compendium version="5">
	<monster>
		<name>Aerisi Kalinoth</name>
		<size>M</size>
		<type>humanoid (elf), elemental evil</type>
		<alignment>neutral evil</alignment>
		<ac>13 (16 with mage armor)</ac>
		<hp>66 (12d8+12)</hp>
		<speed>30 ft.</speed>
		<str>8</str>
		<dex>16</dex>
		<con>12</con>
		<int>17</int>
		<wis>10</wis>
		<cha>16</cha>
		<skill>Arcana +6, History +6, Perception +3</skill>
		<resist>lightning</resist>
		<senses>darkvision 60 ft.</senses>
		<passive>13</passive>
		<languages>Auran, Common, Elvish</languages>
		<cr>7</cr>
		<trait>
			<name>Fey Ancestry</name>
			<text>Aerisi has advantage on saving throws against being charmed, and magic can't put her to sleep.</text>
		</trait>
		<trait>
			<name>Howling Defeat</name>
			<text>When Aerisi drops to 0 hit points, her body disappears in a howling whirlwind that disperses quickly and harmlessly. Anything she is wearing or carrying is left behind.</text>
		</trait>
		<trait>
			<name>Legendary Resistance (2/Day)</name>
			<text>If Aerisi fails a saving throw, she can choose to succeed instead.</text>
		</trait>
		<trait>
			<name>Spellcasting</name>
			<text>Aerisi is a 12th-level spellcaster. Her spellcasting ability is Intelligence (spell save DC 14, +6 to hit with spell attacks). Aerisi has the following wizard spells prepared: </text>
			<text />
			<text>• Cantrips (at will): gust, mage hand, message, prestidigitation, ray of frost, shocking grasp</text>
			<text>• 1st level (4 slots): charm person, feather fall, mage armor, thunderwave</text>
			<text>• 2nd level (3 slots): dust devil, gust of wind, invisibility</text>
			<text>• 3rd level (3 slots): fly, gaseous form, lightning bolt</text>
			<text>• 4th level (3 slots): ice storm, storm sphere</text>
			<text>• 5th level (2 slots): cloudkill, seeming (cast each day) </text>
			<text>• 6th level (1 slot): chain lightning</text>
		</trait>
		<action>
			<name>Windvane</name>
			<text>Melee or Ranged Weapon Attack: +9 to hit, reach 5 ft. or range 20 ft./60 ft., one target. Hit: 9 (1d6 + 6) piercing damage, or 10 (1d8 + 6) piercing damage if used with two hands to make a melee attack, plus 3 (1d6) lightning damage.</text>
			<attack>One Handed|9|1d6+6+1d6</attack>
			<attack>Two Handed|9|1d8+6+1d6</attack>
		</action>
		<spells>gust (ee), mage hand, message, prestidigitation, ray of frost, shocking grasp, charm person, feather fall, mage armor, thunderwave, dust devil (ee), gust of wind, invisibility, fly, gaseous form, lightning bolt, ice storm, storm sphere (ee), cloudkill, seeming, chain lightning</spells>
		<slots>4,3,3,3,2,1,0,0,0</slots>
	</monster>
	<monster>
		<name>Air Elemental Myrmidon</name>
		<size>M</size>
		<type>elemental, elemental evil</type>
		<alignment>neutral</alignment>
		<ac>18 (plate)</ac>
		<hp>117 (18d8+36)</hp>
		<speed>30 ft., fly 30 ft.</speed>
		<str>18</str>
		<dex>14</dex>
		<con>14</con>
		<int>9</int>
		<wis>10</wis>
		<cha>10</cha>
		<resist>lightning, thunder; bludgeoning, piercing, and slashing from nonmagical weapons</resist>
		<immune>poison</immune>
		<conditionImmune>paralyzed, petrified, poisoned, prone</conditionImmune>
		<senses>darkvision 60 ft.</senses>
		<passive>10</passive>
		<languages>Auran, one language of its creator's choice</languages>
		<cr>7</cr>
		<trait>
			<name>Magic Weapons</name>
			<text>The myrmidon's weapon attacks are magical.</text>
		</trait>
		<action>
			<name>Multiattack</name>
			<text>The myrmidon makes three flail attacks.</text>
		</action>
		<action>
			<name>Flail</name>
			<text>Melee Weapon Attack: +7 to hit, reach 5 ft., one target. Hit: 8 (1d8 + 4) bludgeoning damage.</text>
			<attack>Flail|7|1d8+4</attack>
		</action>
		<action>
			<name>Lightning Strike (Recharge 6)</name>
			<text>The myrmidon makes one flail attack. If the attack hits, it deals an extra 18 (4d8) lightning damage, and the target must succeed on a DC 14 Constitution saving throw or be stunned until the end of the myrmidon's next turn.</text>
			<attack>Lightning Strike|7|1d8+4+4d8</attack>
		</action>
	</monster>
	<monster>
		<name>Bastian Thermandar</name>
		<size>M</size>
		<type>humanoid (fire genasi), elemental evil</type>
		<alignment>neutral evil</alignment>
		<ac>12 (15 with mage armor)</ac>
		<hp>78 (12d8+24)</hp>
		<speed>30 ft.</speed>
		<str>12</str>
		<dex>14</dex>
		<con>15</con>
		<int>11</int>
		<wis>9</wis>
		<cha>18</cha>
		<skill>Arcana +3, Deception +7</skill>
		<resist>fire</resist>
		<senses>darkvision 60 ft.</senses>
		<passive>9</passive>
		<languages>Common, Ignan</languages>
		<cr>8</cr>
		<trait>
			<name>Innate Spellcasting</name>
			<text>Bastian's innate spellcasting ability is Constitution (spell save DC 13, +5 to hit with spell attacks). He can innately cast the following spells: </text>
			<text />
			<text>• At will: produce flame</text>
			<text>• 1/day: burning hands</text>
		</trait>
		<trait>
			<name>Spellcasting</name>
			<text>Bastian is a 9th-level spellcaster. His spellcasting ability is Charisma (spell save DC 15, +7 to hit with spell attacks). Bastian knows the following sorcerer spells: </text>
			<text />
			<text>• Cantrips (at will): fire bolt, mage hand, message, prestidigitation, shocking grasp</text>
			<text>• 1st level (4 slots): mage armor, magic missile, shield</text>
			<text>• 2nd level (3 slots): misty step, scorching ray</text>
			<text>• 3rd level (3 slots): counterspell, fireball</text>
			<text>• 4th level (3 slots): dimension door, wall of fire</text>
			<text>• 5th level (1 slot): hold monster</text>
		</trait>
		<action>
			<name>Dagger</name>
			<text>Melee or Ranged Weapon Attack: +5 to hit, reach 5 ft. or range 20/60 ft., one target. Hit: 4 (1d4 + 2) piercing damage.</text>
			<attack>Dagger|5|1d4+2</attack>
		</action>
		<spells>produce flame, burning hands, fire bolt, mage hand, message, prestidigitation, shocking grasp, mage armor, magic missile, shield, misty step, scorching ray, counterspell, fireball, dimension door, wall of fire, hold monster</spells>
		<slots>4,3,3,3,1,0,0,0,0</slots>
	</monster>
	<monster>
		<name>Black Earth Guard</name>
		<size>M</size>
		<type>humanoid (human), elemental evil</type>
		<alignment>neutral evil</alignment>
		<ac>18 (plate)</ac>
		<hp>39 (6d8+12)</hp>
		<speed>30 ft.</speed>
		<str>17</str>
		<dex>11</dex>
		<con>14</con>
		<int>10</int>
		<wis>10</wis>
		<cha>9</cha>
		<skill>Intimidation +1, Perception +2</skill>
		<passive>12</passive>
		<languages>Common</languages>
		<cr>2</cr>
		<action>
			<name>Multiattack</name>
			<text>The guard makes two melee attacks.</text>
		</action>
		<action>
			<name>Morningstar</name>
			<text>Melee Weapon Attack: +5 to hit, reach 5 ft., one target. Hit: 7 (1d8 + 3) piercing damage.</text>
			<attack>Morningstar|5|1d8+3</attack>
		</action>
		<reaction>
			<name>Unyielding</name>
			<text>When the guard is subjected to an effect that would move it, knock it prone, or both, it can use its reaction to be neither moved nor knocked prone.</text>
		</reaction>
	</monster>
	<monster>
		<name>Black Earth Priest</name>
		<size>M</size>
		<type>humanoid (human), elemental evil</type>
		<alignment>neutral evil</alignment>
		<ac>17 (splint)</ac>
		<hp>45 (7d8+14)</hp>
		<speed>30 ft.</speed>
		<str>15</str>
		<dex>11</dex>
		<con>14</con>
		<int>12</int>
		<wis>10</wis>
		<cha>16</cha>
		<skill>Intimidation +5, Religion +3, Persuasion +5</skill>
		<passive>10</passive>
		<languages>Common, Terran</languages>
		<cr>3</cr>
		<trait>
			<name>Spellcasting</name>
			<text>The priest is a 5th-level spellcaster. Its spellcasting ability is Charisma (spell save DC 13, +5 to hit with spell attacks). It knows the following sorcerer spells: </text>
			<text />
			<text>• Cantrips (at will): acid splash, blade ward, light, mending, mold earth</text>
			<text>• 1st level (4 slots): earth tremor, expeditious retreat, shield</text>
			<text>• 2nd level (3 slots): shatter, spider climb</text>
			<text>• 3rd level (2 slots): slow</text>
		</trait>
		<action>
			<name>Multiattack</name>
			<text>The priest makes two melee attacks.</text>
		</action>
		<action>
			<name>Glaive</name>
			<text>Melee Weapon Attack: +4 to hit, reach 10 ft., one target. Hit: 7 (1d10 + 2) slashing damage.</text>
			<attack>Glaive|4|1d10+2</attack>
		</action>
		<reaction>
			<name>Unyielding</name>
			<text>When the priest is subjected to an effect that would move it, knock it prone, or both, it can use its reaction to be neither moved nor knocked prone.</text>
		</reaction>
		<spells>acid splash, blade ward, light, mending, mold earth (ee), earth tremor (ee), expeditious retreat, shield, shatter, spider climb, slow</spells>
		<slots>4,3,2,0,0,0,0,0,0</slots>
	</monster>
	<monster>
		<name>Burrowshark</name>
		<size>M</size>
		<type>humanoid (human), elemental evil</type>
		<alignment>neutral evil</alignment>
		<ac>18 (plate)</ac>
		<hp>82 (11d8+33)</hp>
		<speed>30 ft.</speed>
		<str>18</str>
		<dex>12</dex>
		<con>16</con>
		<int>10</int>
		<wis>11</wis>
		<cha>13</cha>
		<skill>Animal Handling +2, Athletics +6, Intimidation +3, Perception +2</skill>
		<passive>12</passive>
		<languages>Common</languages>
		<cr>4</cr>
		<trait>
			<name>Bond of the Black Earth</name>
			<text>The burrowshark is magically bound to a bulette trained to serve as its mount. While mounted on its bulette, the burrowshark shares the bulette's senses and can ride the bulette while it burrows. The bonded bulette obeys the burrowshark's commands. If its mount dies, the burrowshark can train a new bulette to serve as its bonded mount, a process requiring a month.</text>
		</trait>
		<action>
			<name>Multiattack</name>
			<text>The burrowshark makes three melee attacks.</text>
		</action>
		<action>
			<name>Spear</name>
			<text>Melee or Ranged Weapon Attack: +6 to hit, reach 5 ft. or range 20/60 ft., one target. Hit: 7 (1d6 + 4) piercing damage, or 8 (1d8 + 4) piercing damage if used with two hands to make a melee attack.</text>
			<attack>One Handed|6|1d6+4</attack>
			<attack>Two Handed|6|1d8+4</attack>
		</action>
		<reaction>
			<name>Unyielding</name>
			<text>When the burrowshark is subjected to an effect that would move it, knock it prone, or both, it can use its reaction to be neither moved nor knocked prone.</text>
		</reaction>
	</monster>
	<monster>
		<name>Crushing Wave Priest</name>
		<size>M</size>
		<type>humanoid (human), elemental evil</type>
		<alignment>neutral evil</alignment>
		<ac>13 (chain shirt)</ac>
		<hp>52 (8d8+16)</hp>
		<speed>30 ft.</speed>
		<str>15</str>
		<dex>11</dex>
		<con>14</con>
		<int>10</int>
		<wis>11</wis>
		<cha>16</cha>
		<skill>Deception +5, Religion +2, Stealth +2</skill>
		<passive>10</passive>
		<languages>Aquan, Common</languages>
		<cr>2</cr>
		<trait>
			<name>Spellcasting</name>
			<text>The priest is a 5th-level spellcaster. Its spellcasting ability is Charisma (spell save DC 13, +5 to hit with spell attacks). It knows the following sorcerer spells: </text>
			<text />
			<text>• Cantrips (at will): chill touch, mage hand, minor illusion, prestidigitation, ray of frost</text>
			<text>• 1st level (4 slots): expeditious retreat, ice knife, magic missile, shield</text>
			<text>• 2nd level (3 slots): blur, hold person</text>
			<text>• 3rd level (2 slots): sleet storm</text>
		</trait>
		<action>
			<name>Quarterstaff</name>
			<text>Melee Weapon Attack: +4 to hit, reach 5 ft., one target. Hit: 6 (1d8 + 2) bludgeoning damage.</text>
			<attack>One Handed|4|1d6+2</attack>
			<attack>Two Handed|4|1d8+2</attack>
		</action>
		<spells>chill touch, mage hand, minor illusion, prestidigitation, ray of frost, expeditious retreat, ice knife (ee), magic missile, shield, blur, hold person, sleet storm</spells>
		<slots>4,3,2,0,0,0,0,0,0</slots>
	</monster>
	<monster>
		<name>Crushing Wave Reaver</name>
		<size>M</size>
		<type>humanoid (human), elemental evil</type>
		<alignment>neutral evil</alignment>
		<ac>14 (shield)</ac>
		<hp>22 (4d8+4)</hp>
		<speed>30 ft.</speed>
		<str>15</str>
		<dex>14</dex>
		<con>13</con>
		<int>10</int>
		<wis>11</wis>
		<cha>8</cha>
		<skill>Athletics +4, Stealth +4</skill>
		<passive>10</passive>
		<languages>Common</languages>
		<cr>1/2</cr>
		<action>
			<name>Sharktoothed Longsword</name>
			<text>Melee Weapon Attack: +4 to hit, reach 5 ft., one target. Hit: 6 (1d8 + 2) slashing damage, or 7 (1d10 + 2) slashing damage if used with two hands. Against a target is wearing no armor, the reaver deals an extra die of damage with this sword.</text>
			<attack>One Handed|4|1d8+2</attack>
			<attack>Two Handed|4|1d10+2</attack>
		</action>
		<action>
			<name>Javelin</name>
			<text>Melee or Ranged Weapon Attack: +4 to hit, reach 5 ft. or range 30/120 ft., one target. Hit: 5 (1d6 + 2) piercing damage.</text>
			<attack>Javelin|4|1d6+2</attack>
		</action>
	</monster>
	<monster>
		<name>Dark Tide Knight</name>
		<size>M</size>
		<type>humanoid (human), elemental evil</type>
		<alignment>lawful evil</alignment>
		<ac>13</ac>
		<hp>58 (9d8+18)</hp>
		<speed>30 ft.</speed>
		<str>17</str>
		<dex>16</dex>
		<con>14</con>
		<int>10</int>
		<wis>11</wis>
		<cha>11</cha>
		<skill>Athletics +7, Stealth +7</skill>
		<passive>10</passive>
		<languages>Common</languages>
		<cr>3</cr>
		<trait>
			<name>Bonded Mount</name>
			<text>The knight is magically bound to a beast with an innate swimming speed trained to serve as its mount. While mounted on this beast, the knight gains the beast's senses and ability to breathe underwater. The bonded mount obeys the knight's commands. If its mount dies, the knight can train a new beast to serve as its bonded mount, a process requiring a month.</text>
		</trait>
		<trait>
			<name>Sneak Attack</name>
			<text>The knight deals an extra 7 (2d6) damage when it hits a target with a weapon attack and has advantage on the attack roll, or when the target is within 5 feet of an ally of the knight that isn't incapacitated and the knight doesn't have disadvantage on the attack roll.</text>
			<attack>Sneak Attack||2d6</attack>
		</trait>
		<action>
			<name>Multiattack</name>
			<text>The knight makes two shortsword attacks.</text>
		</action>
		<action>
			<name>Shortsword</name>
			<text>Melee Weapon Attack: +5 to hit, reach 5 ft., one target. Hit: 6 (1d6 + 3) piercing damage.</text>
			<attack>Shortsword|5|1d6+3</attack>
		</action>
		<action>
			<name>Lance</name>
			<text>Melee Weapon Attack: +5 to hit, reach 10 ft., one target. Hit: 9 (1d12 + 3) piercing damage.</text>
			<attack>Lance|5|1d12+3</attack>
		</action>
		<reaction>
			<name>Uncanny Dodge</name>
			<text>When an attacker the knight can see hits it with an attack, the knight can halve the damage against it.</text>
		</reaction>
	</monster>
	<monster>
		<name>Drannin Splithelm</name>
		<size>M</size>
		<type>humanoid (shield dwarf), elemental evil</type>
		<alignment>neutral evil</alignment>
		<ac>18 (plate)</ac>
		<hp>93 (11d8+44)</hp>
		<speed>25 ft.</speed>
		<str>19</str>
		<dex>10</dex>
		<con>18</con>
		<int>11</int>
		<wis>8</wis>
		<cha>12</cha>
		<skill>Athletics +7, Intimidation +4</skill>
		<resist>cold, poison</resist>
		<senses>darkvision 60 ft.</senses>
		<passive>9</passive>
		<languages>Common, Dwarvish</languages>
		<cr>7</cr>
		<trait>
			<name>Action Surge (Recharges after a Short or Long Rest)</name>
			<text>Drannin takes an additional action on his turn.</text>
		</trait>
		<trait>
			<name>Brute</name>
			<text>A melee weapon deals one extra die of its damage when Drannin hits with it (included in the attack).</text>
		</trait>
		<trait>
			<name>Dwarven Resilience</name>
			<text>Drannin has advantage on saving throws against poison.</text>
		</trait>
		<trait>
			<name>Indomitable (Recharges after a Short or Long Rest)</name>
			<text>Drannin can reroll a saving throw that he fails. He must use the new roll.</text>
		</trait>
		<trait>
			<name>Second  Wind (Recharges after a Short or Long Rest)</name>
			<text>Drannin can use a bonus action to regain 16 (1d10 + 11) hit points.</text>
			<attack>Second Wind||1d10+11</attack>
		</trait>
		<trait>
			<name>Special Equipment</name>
			<text>Drannin wears a control amulet for his shield guardian (see the Monster Manual) and a ring of cold resistance. He also carries a potion of frost giant strength.</text>
		</trait>
		<action>
			<name>Multiattack</name>
			<text>Drannin makes three attacks with his greataxe.</text>
		</action>
		<action>
			<name>Greataxe</name>
			<text>Melee Weapon Attack: +7 to hit, reach 5 ft., one target. Hit: 17 (2d12 + 4) slashing damage.</text>
			<attack>Greataxe|7|2d12+4</attack>
		</action>
	</monster>
	<monster>
		<name>Earth Elemental Myrmidon</name>
		<size>M</size>
		<type>elemental, elemental evil</type>
		<alignment>neutral</alignment>
		<ac>18 (plate)</ac>
		<hp>127 (17d8+51)</hp>
		<speed>30 ft.</speed>
		<str>18</str>
		<dex>10</dex>
		<con>17</con>
		<int>8</int>
		<wis>10</wis>
		<cha>10</cha>
		<resist>bludgeoning, piercing, and slashing from nonmagical weapons</resist>
		<immune>poison</immune>
		<conditionImmune>paralyzed, petrified, poisoned, prone</conditionImmune>
		<senses>darkvision 60 ft.</senses>
		<passive>10</passive>
		<languages>Terran, one language of its creator's choice</languages>
		<cr>7</cr>
		<trait>
			<name>Magic Weapons</name>
			<text>The myrmidon's weapon attacks are magical.</text>
		</trait>
		<action>
			<name>Multiattack</name>
			<text>The myrmidon makes two maul attacks.</text>
		</action>
		<action>
			<name>Maul</name>
			<text>Melee Weapon Attack: +7 to hit, reach 5 ft., one target. Hit: 11 (2d6 + 4) bludgeoning damage.</text>
			<attack>Maul|7|2d6+4</attack>
		</action>
		<action>
			<name>Thunderous Strike (Recharge 6)</name>
			<text>The myrmidon makes one maul attack. If the attack hits, it deals an extra 16 (3d10) thunder damage, and the target must succeed on a DC 14 Strength saving throw or be knocked prone.</text>
			<attack>Thunderous Strike|7|2d6+4+3d10</attack>
		</action>
	</monster>
	<monster>
		<name>Elizar Dryflagon</name>
		<size>M</size>
		<type>humanoid (human), elemental evil</type>
		<alignment>neutral evil</alignment>
		<ac>14 (hide)</ac>
		<hp>71 (11d8+22)</hp>
		<speed>30 ft.</speed>
		<str>13</str>
		<dex>15</dex>
		<con>14</con>
		<int>11</int>
		<wis>18</wis>
		<cha>10</cha>
		<skill>Arcana +3, Deception +3</skill>
		<passive>14</passive>
		<languages>Common, Druidic</languages>
		<cr>5</cr>
		<trait>
			<name>Spellcasting</name>
			<text>Elizar is a 7th-level spellcaster. His spellcasting ability is Wisdom (spell save DC 15, +7 to hit with spell attacks). Elizar has the following druid spells prepared: </text>
			<text />
			<text>• Cantrips (at will): druidcraft, guidance, poison spray, produce flame</text>
			<text>• 1st level (4 slots): animal friendship, faerie fire, healing word, jump, thunderwave</text>
			<text>• 2nd level (3 slots): flame blade, spike growth</text>
			<text>• 3rd level (3 slots): dispel magic, stinking cloud</text>
			<text>• 4th level (2 slots): blight, wall of fire</text>
		</trait>
		<trait>
			<name>Summon Mephits (Recharges after a Long Rest)</name>
			<text>By puffing on his pipe, Elizar can use an action to cast conjure minor elementals. If he does so, he summons four smoke mephits.</text>
		</trait>
		<action>
			<name>Dagger +1</name>
			<text>Melee or Ranged Weapon Attack: +6 to hit, reach 5 ft. or range 20/60 ft., one target. Hit: 5 (1d4 + 3) piercing damage.</text>
			<attack>Dagger +1|6|1d4+3</attack>
		</action>
		<spells>druidcraft, guidance, poison spray, produce flame, animal friendship, faerie fire, healing word, jump, thunderwave, flame blade, spike growth, dispel magic, stinking cloud, blight, wall of fire</spells>
		<slots>4,3,3,2,0,0,0,0,0</slots>
	</monster>
	<monster>
		<name>Eternal Flame Guardian</name>
		<size>M</size>
		<type>humanoid (human), elemental evil</type>
		<alignment>chaotic evil</alignment>
		<ac>17 (breastplate, shield; 15 while using a crossbow)</ac>
		<hp>45 (7d8+14)</hp>
		<speed>30 ft.</speed>
		<str>15</str>
		<dex>13</dex>
		<con>14</con>
		<int>8</int>
		<wis>11</wis>
		<cha>13</cha>
		<skill>Intimidation +3, Perception +2</skill>
		<resist>fire</resist>
		<passive>12</passive>
		<languages>Common</languages>
		<cr>2</cr>
		<trait>
			<name>Flaming Weapon (Recharges after a Short or Long Rest)</name>
			<text>As a bonus action, the guard can wreath one melee weapon it is wielding in flame. The guard is unharmed by this fire, which lasts until the end of the guard's next turn. While wreathed in flame, the weapon deals an extra 3 (1d6) fire damage on a hit.</text>
			<attack>Flaming Weapon||1d6</attack>
		</trait>
		<action>
			<name>Multiattack</name>
			<text>The guard makes two melee attacks.</text>
		</action>
		<action>
			<name>Longsword</name>
			<text>Melee Weapon Attack: +4 to hit, reach 5 ft., one target. Hit: 6 (1d8 + 2) slashing damage.</text>
			<attack>One Handed|4|1d8+2</attack>
			<attack>Two Handed|4|1d10+2</attack>
		</action>
		<action>
			<name>Heavy Crossbow</name>
			<text>Ranged Weapon Attack: +3 to hit, range 100/400 ft., one target. Hit: 6 (1d10 + 1) piercing damage.</text>
			<attack>Heavy Crossbow|3|1d10+1</attack>
		</action>
	</monster>
	<monster>
		<name>Eternal Flame Priest</name>
		<size>M</size>
		<type>humanoid (human), elemental evil</type>
		<alignment>neutral evil</alignment>
		<ac>12 (15 with mage armor)</ac>
		<hp>52 (8d8+16)</hp>
		<speed>30 ft.</speed>
		<str>12</str>
		<dex>15</dex>
		<con>14</con>
		<int>10</int>
		<wis>11</wis>
		<cha>16</cha>
		<skill>Deception +5, Intimidation +5, Religion +2</skill>
		<resist>fire</resist>
		<passive>10</passive>
		<languages>Common, Ignan</languages>
		<cr>3</cr>
		<trait>
			<name>Spellcasting</name>
			<text>The priest is a 5th-level spellcaster. Its spellcasting ability is Charisma (spell save DC 13, +5 to hit with spell attacks). It knows the following sorcerer spells: </text>
			<text />
			<text>• Cantrips (at will): control flames, create bonfire, fire bolt, light, minor illusion</text>
			<text>• 1st level (4 slots): burning hands, expeditious retreat, mage armor</text>
			<text>• 2nd level (3 slots): blur, scorching ray</text>
			<text>• 3rd level (2 slots): fireball</text>
		</trait>
		<action>
			<name>Dagger</name>
			<text>Melee or Ranged Weapon Attack: +4 to hit, reach 5 ft. or range 20/60 ft., one target. Hit: 4 (1d4 + 2) piercing damage.</text>
			<attack>Dagger|4|1d4+2</attack>
		</action>
		<spells>control flames (ee), create bonfire (ee), fire bolt, light, minor illusion, burning hands, expeditious retreat, mage armor, blur, scorching ray, fireball</spells>
		<slots>4,3,2,0,0,0,0,0,0</slots>
	</monster>
	<monster>
		<name>Fathomer</name>
		<size>M</size>
		<type>humanoid (human), elemental evil</type>
		<alignment>neutral evil</alignment>
		<ac>10 (13 with mage armor)</ac>
		<hp>52 (8d8+16)</hp>
		<speed>30 ft.</speed>
		<str>14</str>
		<dex>11</dex>
		<con>14</con>
		<int>11</int>
		<wis>11</wis>
		<cha>15</cha>
		<skill>Arcana +2, Perception +4, Stealth +4</skill>
		<passive>14</passive>
		<languages>Aquan, Common</languages>
		<cr>2</cr>
		<trait>
			<name>Shapechanger (2/day)</name>
			<text>The fathomer can use its action to polymorph into a Medium serpent composed of water, or back into its true form. Anything the fathomer is wearing or carrying is subsumed into the serpent form during the change, inaccessible until the fathomer returns to its true form. The fathomer reverts to its true form after 4 hours, unless it can expend another use of this trait. If the fathomer is knocked unconscious or dies, it also reverts to its true form.</text>
			<text>While in serpent form, the fathomer gains a swimming speed of 40 feet, the ability to breathe underwater, immunity to poison damage, as well as resistance to fire damage and bludgeoning, piercing, and slashing damage from nonmagical weapons. It also has immunity to the following conditions: exhaustion, grappled, paralyzed, poisoned, restrained, prone, unconscious. The serpent form can enter a hostile creature's space and stop there. In addition, if water can pass through a space, the serpent can do so without squeezing.</text>
		</trait>
		<trait>
			<name>Olhydra's Armor (Human Form Only)</name>
			<text>The fathomer can cast mage armor at will, without expending material components.</text>
		</trait>
		<trait>
			<name>Spellcasting (Human Form Only)</name>
			<text>The fathomer is a 5th-level spellcaster. Its spellcasting ability is Charisma (spell save DC 12, +4 to hit with spell attacks). It has two 3rd-level spell slots, which it regains after finishing a short or long rest, and knows the following warlock spells: </text>
			<text />
			<text>• Cantrips (at will): chill touch, eldritch blast, mage hand</text>
			<text>• 1st level: armor of Agathys, expeditious retreat, hex</text>
			<text>• 2nd level: invisibility</text>
			<text>• 3rd level: Vampiric touch</text>
		</trait>
		<action>
			<name>Constrict (Serpent Form Only)</name>
			<text>Melee Weapon Attack: +4 to hit, reach 5 ft., one target. Hit: 9 (2d6 + 2) bludgeoning damage. If the target is Medium or smaller, it is grappled (escape DC 12). Until the grapple ends, the target is restrained, and the fathomer can't constrict another target.</text>
			<attack>Constrict|4|2d6+2</attack>
		</action>
		<action>
			<name>Dagger (Human Form Only)</name>
			<text>Melee or Ranged Weapon Attack: +4 to hit, reach 5 ft. or range 20/60 ft., one target. Hit: 4 (1d4 + 2) piercing damage.</text>
			<attack>Dagger|4|1d4+2</attack>
		</action>
		<spells>chill touch, eldritch blast, mage hand, armor of agathys, expeditious retreat, hex, invisibility, vampiric touch</spells>
	</monster>
	<monster>
		<name>Feathergale Knight</name>
		<size>M</size>
		<type>humanoid (human), elemental evil</type>
		<alignment>lawful evil</alignment>
		<ac>16 (scale)</ac>
		<hp>33 (6d8+6)</hp>
		<speed>30 ft.</speed>
		<str>14</str>
		<dex>14</dex>
		<con>12</con>
		<int>11</int>
		<wis>10</wis>
		<cha>14</cha>
		<skill>Animal Handling +2, History +2</skill>
		<passive>10</passive>
		<languages>Auran, Common</languages>
		<cr>1</cr>
		<trait>
			<name>Spellcasting</name>
			<text>The knight is a 1st-level spellcaster. Its spellcasting ability is Charisma (spell save DC 12, +4 to hit with spell attacks). It knows the following sorcerer spell: </text>
			<text>• Cantrips (at will): gust, light, message, ray of frost</text>
			<text>• 1st level (2 slots): expeditious retreat, feather fall</text>
		</trait>
		<action>
			<name>Multiattack</name>
			<text>The knight makes two melee attacks.</text>
		</action>
		<action>
			<name>Longsword</name>
			<text>Melee Weapon Attack: +4 to hit, reach 5 ft., one target. Hit: 6 (1d8 + 2) slashing damage, or 7 (1d10 + 2) slashing damage if used with two hands.</text>
			<attack>One Handed|4|1d8+2</attack>
			<attack>Two Handed|4|1d10+2</attack>
		</action>
		<action>
			<name>Spear</name>
			<text>Melee or Ranged Weapon Attack: +4 to hit, reach 5 ft. or range 20/60 ft., one target. Hit: 5 (1d6 + 2) piercing damage, or 6 (1d8 + 2) piercing damage if used with two hands to make a melee attack.</text>
			<attack>One Handed|4|1d6+2</attack>
			<attack>Two Handed|4|1d8+2</attack>
		</action>
		<spells>gust (ee), light, message, ray of frost, expeditious retreat, feather fall</spells>
		<slots>2,0,0,0,0,0,0,0,0</slots>
	</monster>
	<monster>
		<name>Fire Elemental Myrmidon</name>
		<size>M</size>
		<type>elemental, elemental evil</type>
		<alignment>neutral</alignment>
		<ac>18 (plate)</ac>
		<hp>117 (18d8+36)</hp>
		<speed>40 ft.</speed>
		<str>13</str>
		<dex>18</dex>
		<con>15</con>
		<int>9</int>
		<wis>10</wis>
		<cha>10</cha>
		<resist>bludgeoning, piercing, and slashing from nonmagical weapons</resist>
		<immune>fire, poison</immune>
		<conditionImmune>paralyzed, petrified, poisoned, prone</conditionImmune>
		<senses>darkvision 60 ft.</senses>
		<passive>10</passive>
		<languages>Ignan, one language of its creator's choice</languages>
		<cr>7</cr>
		<trait>
			<name>Illumination</name>
			<text>The myrmidon sheds bright light in a 20-foot radius and dim light in a 40-foot radius.</text>
		</trait>
		<trait>
			<name>Magic Weapons</name>
			<text>The myrmidon's weapon attacks are magical.</text>
		</trait>
		<trait>
			<name>Water Susceptibility</name>
			<text>For every 5 feet the myrmidon moves in water, it takes 2 (1d4) cold damage.</text>
		</trait>
		<action>
			<name>Multiattack</name>
			<text>The myrmidon makes three scimitar attacks.</text>
		</action>
		<action>
			<name>Scimitar</name>
			<text>Melee Weapon Attack: +7 to hit, reach 5 ft., one target. Hit: 7 (1d6 + 4) slashing damage.</text>
			<attack>Scimitar|7|1d6+4</attack>
		</action>
		<action>
			<name>Fiery Strikes (Recharge 6)</name>
			<text>The myrmidon uses Multiattack. Each attack that hits deals an extra 5 (1d10) fire damage.</text>
			<attack>Fiery Strikes|7|1d6+4+1d10</attack>
		</action>
	</monster>
	<monster>
		<name>Flamewrath</name>
		<size>M</size>
		<type>humanoid (human), elemental evil</type>
		<alignment>chaotic evil</alignment>
		<ac>12 (15 with mage armor)</ac>
		<hp>105 (14d8+42)</hp>
		<speed>30 ft.</speed>
		<str>10</str>
		<dex>14</dex>
		<con>16</con>
		<int>11</int>
		<wis>10</wis>
		<cha>16</cha>
		<skill>Arcana +3, Religion +3</skill>
		<immune>fire</immune>
		<passive>10</passive>
		<languages>Common, Ignan</languages>
		<cr>6</cr>
		<trait>
			<name>Spellcasting</name>
			<text>The flamewrath is a 7th-level spellcaster. Its spellcasting ability is Charisma (spell save DC 14, +6 to hit with spell attacks). It knows the following sorcerer spells: </text>
			<text />
			<text>• Cantrips (at will): control flames, fire bolt, friends, light, minor illusion</text>
			<text>• 1st level (4 slots): burning hands, color spray, mage armor</text>
			<text>• 2nd level (3 slots): scorching ray, suggestion</text>
			<text>• 3rd level (3 slots): fireball, hypnotic pattern</text>
			<text>• 4th level (1 slot): fire shield (see Wreathed in Flame)</text>
		</trait>
		<trait>
			<name>Wreathed in Flame</name>
			<text>For the flamewrath, the warm version of the fire shield spell has a duration of "until dispelled." The fire shield burns for 10 minutes after the flamewrath dies, consuming its body.</text>
		</trait>
		<action>
			<name>Dagger</name>
			<text>Melee or Ranged Weapon Attack: +5 to hit, reach 5 ft. or range 20/60 ft., one target. Hit: 4 (1d4 + 2) piercing damage.</text>
			<attack>Dagger|5|1d4+2</attack>
		</action>
		<spells>control flames (ee), fire bolt, friends, light, minor illusion, burning hands, color spray, mage armor, scorching ray, suggestion, fireball, hypnotic pattern, fire shield</spells>
		<slots>4,3,3,1,0,0,0,0,0</slots>
	</monster>
	<monster>
		<name>Gar Shatterkeel</name>
		<size>M</size>
		<type>humanoid (human), elemental evil</type>
		<alignment>neutral evil</alignment>
		<ac>16 (natural armor)</ac>
		<hp>30 (15d8+45)</hp>
		<speed>30 ft., swim 30 ft.</speed>
		<str>15</str>
		<dex>15</dex>
		<con>16</con>
		<int>12</int>
		<wis>18</wis>
		<cha>13</cha>
		<skill>Nature +8, Survival +8</skill>
		<resist>cold</resist>
		<passive>14</passive>
		<languages>Aquan, Common</languages>
		<cr>9</cr>
		<trait>
			<name>Amphibious</name>
			<text>Gar can breathe air and water.</text>
		</trait>
		<trait>
			<name>Legendary Resistance (2/Day)</name>
			<text>If Gar fails a saving throw, he can choose to succeed instead.</text>
		</trait>
		<trait>
			<name>Spellcasting</name>
			<text>Gar is a 9th-level spellcaster. His spellcasting ability is Wisdom (spell save DC 16, +8 to hit with spell attacks). He has the following druid spells prepared: </text>
			<text />
			<text>• Cantrips (at will): mending, resistance, shape water</text>
			<text />
			<text>• 1st level (4 slots): create or destroy water, cure wounds, fog cloud, thunderwave</text>
			<text>• 2nd level (3 slots): darkvision, hold person, protection from poison</text>
			<text>• 3rd level (3 slots): call lightning, sleet storm, tidal wave</text>
			<text>• 4th level (3 slots): control water, ice storm</text>
			<text>• 5th level (1 slot): scrying</text>
		</trait>
		<trait>
			<name>Water Walk</name>
			<text>Gar can stand and move on liquid surfaces as if they were solid ground.</text>
		</trait>
		<trait>
			<name>Watery Fall</name>
			<text>When Gar drops to 0 hit points, his body collapses into a pool of inky water that rapidly disperses. Anything he was wearing or carrying is left behind.</text>
		</trait>
		<action>
			<name>Multiattack</name>
			<text>Gar makes two melee attacks, one with his claw and one with Drown.</text>
		</action>
		<action>
			<name>Claw</name>
			<text>Melee Weapon Attack: +6 to hit, reach 5 ft., one target. Hit: 9 (2d6 + 2) bludgeoning damage, and the target is grappled (escape DC 13). Until the grapple ends, Gar can't attack other creatures with his claw.</text>
			<attack>Claw|6|2d6+2</attack>
		</action>
		<action>
			<name>Drown</name>
			<text>Melee or Ranged Weapon Attack: +7 to hit, reach 5 ft. or range 20/60 ft., one target. Hit: 6 (1d6 + 3) piercing damage plus 4 (1d8) cold damage.</text>
			<attack>One Handed|7|1d6+3+1d8</attack>
			<attack>Two Handed|7|1d8+3+1d8</attack>
		</action>
		<spells>mending, resistance, shape water (ee), create or destroy water, cure wounds, fog cloud, thunderwave, darkvision, hold person, protection from poison, call lightning, sleet storm, tidal wave (ee), control water, ice storm, scrying</spells>
		<slots>4,3,3,3,1,0,0,0,0</slots>
	</monster>
	<monster>
		<name>Ghald</name>
		<size>L</size>
		<type>humanoid (sahuagin), elemental evil</type>
		<alignment>lawful evil</alignment>
		<ac>15 (natural armor)</ac>
		<hp>102 (12d10+36)</hp>
		<speed>30 ft., swim 50 ft.</speed>
		<str>19</str>
		<dex>17</dex>
		<con>16</con>
		<int>14</int>
		<wis>13</wis>
		<cha>17</cha>
		<save>Dex +6, Con +6, Int +5, Wis +4</save>
		<skill>Insight +4, Perception +7</skill>
		<senses>darkvision 120 ft.</senses>
		<passive>17</passive>
		<languages>Common, Sahuagin</languages>
		<cr>7</cr>
		<trait>
			<name>Assassinate</name>
			<text>During its first turn, Ghald has advantage on attack rolls against any creature that hasn't taken a turn. Any hit Ghald scores against a surprised creature is a critical hit.</text>
		</trait>
		<trait>
			<name>Limited Amphibiousness</name>
			<text>Ghald can breathe air and water, but he needs to be submerged at least once every 4 hours to avoid suffocating.</text>
		</trait>
		<trait>
			<name>Shark Telepathy</name>
			<text>Ghald can magically command any shark within 120 feet of him, using a limited telepathy.</text>
		</trait>
		<trait>
			<name>Sneak Attack</name>
			<text>Ghald deals an extra 14 (4d6) damage when he hits a target with a weapon attack and has advantage on the attack roll, or when the target is within 5 feet of an ally of Ghald's that isn't incapacitated and Ghald doesn't have disadvantage on the attack roll.</text>
			<attack>Sneak Attack||4d6</attack>
		</trait>
		<action>
			<name>Multiattack</name>
			<text>Ghald makes three attacks, one with his bite and two with his shortswords.</text>
		</action>
		<action>
			<name>Bite</name>
			<text>Melee Weapon Attack: +7 to hit, reach 5 ft., one creature. Hit: 9 (2d4 + 4) piercing damage.</text>
			<attack>Bite|7|2d4+4</attack>
		</action>
		<action>
			<name>Shortsword</name>
			<text>Melee Weapon Attack: +7 to hit, reach 5 ft., one creature. Hit: 11 (2d6 + 4) piercing damage.</text>
			<attack>Shortsword|7|2d6+4</attack>
		</action>
		<action>
			<name>Garrote</name>
			<text>Melee Weapon Attack: +7 to hit, reach 5 ft., one Medium or Small creature against which Ghald has advantage on the attack roll. Hit: 9 (2d4 + 4) bludgeoning damage, and the target is grappled (escape DC 15). Until the grapple ends, the target can't breathe, and Ghald has advantage on attack rolls against it.</text>
			<attack>Garrote|7|2d4+4</attack>
		</action>
	</monster>
	<monster>
		<name>Hellenrae</name>
		<size>M</size>
		<type>humanoid (human), elemental evil</type>
		<alignment>lawful evil</alignment>
		<ac>16</ac>
		<hp>78 (12d8+24)</hp>
		<speed>30 ft.</speed>
		<str>13</str>
		<dex>18</dex>
		<con>14</con>
		<int>10</int>
		<wis>15</wis>
		<cha>13</cha>
		<skill>Acrobatics +7, Athletics +4, Insight +5, Perception +5</skill>
		<immune>poison</immune>
		<conditionImmune>blinded, poisoned</conditionImmune>
		<senses>blindsight 60 ft. (blind beyond this radius)</senses>
		<passive>15</passive>
		<languages>Common, Terran</languages>
		<cr>5</cr>
		<trait>
			<name>Evasion</name>
			<text>If Hellenrae is subjected to an effect that allows her to make a Dexterity saving throw to take only half damage, she instead takes no damage if she succeeds on the saving throw, and only half damage if she fails.</text>
		</trait>
		<trait>
			<name>Stunning Strike (Recharge 5-6)</name>
			<text>When Hellenrae hits a target with a melee weapon attack, the target must succeed on a DC 13 Constitution saving throw or be stunned until the end of Hellenrae's next turn.</text>
		</trait>
		<trait>
			<name>Unarmored Defense</name>
			<text>While Hellenrae is wearing no armor and wielding no shield, her AC includes her Wisdom modifier.</text>
		</trait>
		<trait>
			<name>Unarmored Movement</name>
			<text>While Hellenrae is wearing no armor and wielding no shield, her speed increases by 20 feet (included in her speed).</text>
		</trait>
		<action>
			<name>Multiattack</name>
			<text>Hellenrae makes three melee attacks.</text>
		</action>
		<action>
			<name>Unarmed Strike</name>
			<text>Melee Weapon Attack: +7 to hit, reach 5 ft., one target. Hit: 9 (1d10 + 4) bludgeoning damage.</text>
			<attack>Unarmed Strike|7|1d10+4</attack>
		</action>
		<reaction>
			<name>Parry and Counter</name>
			<text>Hellenrae adds 3 to her AC against one melee or ranged weapon attack that would hit her. To do so, she must be able to sense the attacker with her blindsight. If the attack misses, Hellenrae can make one melee attack against the attacker if it is within her reach.</text>
		</reaction>
	</monster>
	<monster>
		<name>Howling Hatred Initiate</name>
		<size>M</size>
		<type>humanoid (human), elemental evil</type>
		<alignment>neutral evil</alignment>
		<ac>13 (leather)</ac>
		<hp>9 (2d8)</hp>
		<speed>30 ft.</speed>
		<str>10</str>
		<dex>15</dex>
		<con>10</con>
		<int>10</int>
		<wis>9</wis>
		<cha>11</cha>
		<skill>Deception +2, Religion +2, Stealth +4</skill>
		<passive>9</passive>
		<languages>Common</languages>
		<cr>1/8</cr>
		<trait>
			<name>Guiding Wind (Recharges after a Short or Long Rest)</name>
			<text>As a bonus action, the initiate gains advantage on the next ranged attack roll it makes before the end of its next turn.</text>
		</trait>
		<trait>
			<name>Hold Breath</name>
			<text>The initiate can hold its breath for 30 minutes.</text>
		</trait>
		<action>
			<name>Dagger</name>
			<text>Melee or Ranged Weapon Attack: +4 to hit, reach 5 ft. or range 20/60 ft., one target. Hit: 4 (1d4 + 2) piercing damage.</text>
			<attack>Dagger|4|1d4+2</attack>
		</action>
	</monster>
	<monster>
		<name>Howling Hatred Priest</name>
		<size>M</size>
		<type>humanoid (human), elemental evil</type>
		<alignment>neutral evil</alignment>
		<ac>15 (studded leather)</ac>
		<hp>45 (10d8)</hp>
		<speed>30 ft.</speed>
		<str>12</str>
		<dex>16</dex>
		<con>10</con>
		<int>14</int>
		<wis>10</wis>
		<cha>14</cha>
		<skill>Acrobatics +5, Intimidation +4, Religion +4</skill>
		<passive>10</passive>
		<languages>Auran, Common</languages>
		<cr>2</cr>
		<trait>
			<name>Hold Breath</name>
			<text>The priest can hold its breath for 30 minutes.</text>
		</trait>
		<trait>
			<name>Spellcasting</name>
			<text>The priest is a 5th-level spellcaster. Its spellcasting ability is Charisma (spell save DC 12, +4 to hit with spell attacks). It knows the following sorcerer spells: </text>
			<text />
			<text>• Cantrips (at will): blade ward, gust, light, prestidigitation, shocking grasp</text>
			<text>• 1st level (4 slots): featherfall, shield, witch bolt</text>
			<text>• 2nd level (3 slots): dust devil, gust of wind</text>
			<text>• 3rd level (2 slots): gaseous form</text>
		</trait>
		<action>
			<name>Multiattack</name>
			<text>The priest makes two melee attacks or two ranged attacks.</text>
		</action>
		<action>
			<name>Scimitar</name>
			<text>Melee Weapon Attack: +5 to hit, reach 5 ft., one target. Hit: 6 (1d6 + 3) slashing damage.</text>
			<attack>Scimitar|5|1d6+3</attack>
		</action>
		<action>
			<name>Dagger</name>
			<text>Melee or Ranged Weapon Attack: +5 to hit, reach 5 ft. or range 20/60 ft., one target. Hit: 5 (1d4 + 3) piercing damage.</text>
			<attack>Dagger|5|1d4+3</attack>
		</action>
		<spells>blade ward, gust (ee), light, prestidigitation, shocking grasp, feather fall, shield, witch bolt, dust devil (ee), gust of wind, gaseous form</spells>
		<slots>4,3,2,0,0,0,0,0,0</slots>
	</monster>
	<monster>
		<name>Hurricane</name>
		<size>M</size>
		<type>humanoid (human), elemental evil</type>
		<alignment>lawful evil</alignment>
		<ac>14</ac>
		<hp>33 (6d8+6)</hp>
		<speed>45 ft.</speed>
		<str>12</str>
		<dex>16</dex>
		<con>13</con>
		<int>10</int>
		<wis>12</wis>
		<cha>10</cha>
		<skill>Acrobatics +5</skill>
		<passive>11</passive>
		<languages>Auran, Common</languages>
		<cr>2</cr>
		<trait>
			<name>Spellcasting</name>
			<text>The hurricane is a 3rd-level spellcaster. Its spellcasting ability is Wisdom (spell save DC 11, +3 to hit with spell attacks). It knows the following sorcerer spells: </text>
			<text />
			<text>• Cantrips (at will): blade ward, gust, light, prestidigitation</text>
			<text>• 1st level (4 slots): feather fall, jump, thunderwave</text>
			<text>• 2nd level (2 slots): gust of wind</text>
		</trait>
		<trait>
			<name>Unarmored Defense</name>
			<text>While the hurricane is wearing no armor and wielding no shield, its AC includes its Wisdom modifier.</text>
		</trait>
		<trait>
			<name>Unarmored Movement</name>
			<text>While the hurricane is wearing no armor and wielding no shield, its walking speed increases by 15 feet (included in its speed).</text>
		</trait>
		<action>
			<name>Multiattack</name>
			<text>The hurricane makes two melee attacks.</text>
		</action>
		<action>
			<name>Unarmed Strike</name>
			<text>Melee Weapon Attack: +5 to hit, reach 5 ft., one target. Hit: 6 (1d6 + 3) bludgeoning damage.</text>
			<attack>Unarmed Strike|5|1d6+3</attack>
		</action>
		<reaction>
			<name>Deflect Missiles</name>
			<text>When the hurricane is hit by a ranged weapon attack, it reduces the damage from the attack by 1d10 + 9. If the damage is reduced to 0, the hurricane can catch the missile if it is small enough to hold in one hand and the hurricane has at least one hand free.</text>
		</reaction>
		<spells>blade ward, gust (ee), light, prestidigitation, feather fall, jump, thunderwave, gust of wind</spells>
		<slots>4,2,0,0,0,0,0,0,0</slots>
	</monster>
	<monster>
		<name>Imix</name>
		<size>H</size>
		<type>elemental, elemental evil</type>
		<alignment>neutral evil</alignment>
		<ac>17</ac>
		<hp>325 (26d12+156)</hp>
		<speed>50 ft., fly 50 ft.</speed>
		<str>19</str>
		<dex>24</dex>
		<con>22</con>
		<int>15</int>
		<wis>16</wis>
		<cha>23</cha>
		<save>Dex +14, Con +13, Cha +13</save>
		<resist>bludgeoning, piercing, and slashing from nonmagical weapons</resist>
		<immune>fire, poison</immune>
		<conditionImmune>charmed, frightened, paralyzed, petrified, poisoned, prone, restrained</conditionImmune>
		<senses>blindsight 120 ft.</senses>
		<passive>13</passive>
		<languages>Common, Ignan</languages>
		<cr>19</cr>
		<trait>
			<name>Empowered Attacks</name>
			<text>Imix's slam attacks are treated as magical for the purpose of bypassing resistance and immunity to nonmagical weapons.</text>
		</trait>
		<trait>
			<name>Fire Aura</name>
			<text>At the start of each of Imix's turns, each creature within 10 feet of him takes 17 (5d6) fire damage, and flammable objects in the aura that aren't being worn or carried ignite. A creature also takes 17 (5d6) fire damage if it touches Imix or hits him with a melee attack while within 10 feet of him, and a creature takes that damage the first time on a turn that Imix moves into its space. Nonmagical weapons that hit Imix are destroyed by fire immediately after dealing damage to him</text>
			<attack>Fire Aura||5d6</attack>
		</trait>
		<trait>
			<name>Fire Form</name>
			<text>Imix can enter a hostile creature's space and stop there. He can move through a space as narrow as 1 inch without squeezing if fire could pass through that space.</text>
		</trait>
		<trait>
			<name>Illumination</name>
			<text>Imix sheds bright light in a 60-foot radius and dim light for an additional 60 feet.</text>
		</trait>
		<trait>
			<name>Legendary Resistance (3/Day)</name>
			<text>If Imix fails a saving throw, he can choose to succeed instead.</text>
		</trait>
		<trait>
			<name>Innate Spellcasting</name>
			<text>Imix's innate spellcasting ability is Charisma (spell save DC 20, +12 to hit with spell attacks). He can innately cast the following spells, requiring no material components: </text>
			<text />
			<text>• At will: fireball, wall of fire</text>
			<text>• 3/day each: fire storm, haste, teleport</text>
		</trait>
		<trait>
			<name>Magic Resistance</name>
			<text>Imix has advantage on saving throws against spells and other magical effects.</text>
		</trait>
		<action>
			<name>Multiattack</name>
			<text>Imix makes two slam attacks or two flame blast attacks.</text>
		</action>
		<action>
			<name>Slam</name>
			<text>Melee Weapon Attack: +12 to hit, reach 10 ft., one target. Hit: 18 (2d10 + 7) bludgeoning damage plus 18 (5d6) fire damage.</text>
			<attack>Slam|12|2d10+7+5d6</attack>
		</action>
		<action>
			<name>Flame Blast</name>
			<text>Ranged Spell Attack: +12 to hit, range 250 ft., one target. Hit: 35 (10d6) fire damage.</text>
			<attack>Flame Blast|12|10d6</attack>
		</action>
		<action>
			<name>Summon Elementals (1/Day)</name>
			<text>Imix summons up to three fire elementals and loses 30 hit points for each elemental he summons. Summoned elementals have maximum hit points, appear within 100 feet of Imix, and disappear if Imix is reduced to 0 hit points.</text>
		</action>
		<legendary>
			<name>Heat Wave</name>
			<text>Imix creates a blast of heat within 300 feet of himself. Each creature in the area in physical contact with metal objects (for example, carrying metal weapons or wearing metal armor) takes 9 (2d8) fire damage. Each creature in the area that isn't resistant or immune to fire damage must make a DC 21 Constitution saving throw or gain one level of exhaustion.</text>
			<attack>Heat Wave||2d8</attack>
		</legendary>
		<legendary>
			<name>Teleport (Costs 2 Actions)</name>
			<text>Imix magically teleports up to 120 feet to an unoccupied space he can see. Anything Imix is wearing or carrying isn't teleported with him.</text>
		</legendary>
		<legendary>
			<name>Combustion (Costs 3 Actions)</name>
			<text>Imix causes one creature he can see within 30 feet of him to burst into flames. The target must make a DC 21 Constitution saving throw. On a failed save, the target takes 70 (20d6) fire damage and catches fire. A target on fire takes 10 (3d6) fire damage when it starts its turn, and remains on fire until it or another creature takes an action to douse the flames. On a successful save, the target takes half as much damage and doesn't catch fire.</text>
			<attack>Combustion||20d6</attack>
		</legendary>
		<spells>fireball, wall of fire, fire storm, haste, teleport</spells>
	</monster>
	<monster>
		<name>Marlos Urnrayle</name>
		<size>M</size>
		<type>monstrosity, elemental evil</type>
		<alignment>neutral evil</alignment>
		<ac>15 (natural armor)</ac>
		<hp>136 (16d8+64)</hp>
		<speed>30 ft.</speed>
		<str>17</str>
		<dex>11</dex>
		<con>18</con>
		<int>12</int>
		<wis>13</wis>
		<cha>17</cha>
		<skill>Arcana +4, Deception +6, Perception +4</skill>
		<resist>acid</resist>
		<senses>darkvision 60 ft., tremorsense 60 ft.</senses>
		<passive>14</passive>
		<languages>Common, Terran</languages>
		<cr>8</cr>
		<trait>
			<name>Earthen Defeat</name>
			<text>When Marlos drops to 0 hit points, his body transforms into mud and collapses into a pool. Anything he is wearing or carrying is left behind.</text>
		</trait>
		<trait>
			<name>Earth Passage</name>
			<text>Marlos can move in difficult terrain composed of anything made from earth or stone as if it were normal terrain. He can move through solid earth and rock as if it were difficult terrain. If he ends his turn there, he is shunted into the nearest space he last occupied.</text>
		</trait>
		<trait>
			<name>Legendary Resistance (2/Day)</name>
			<text>If Marlos fails a saving throw, he can choose to succeed instead.</text>
		</trait>
		<trait>
			<name>Petrifying Gaze</name>
			<text>When a creature that can see Marlos's eyes starts its turn within 30 feet of him, Marlos can force it to make a DC 14 Constitution saving throw if Marlos isn't incapacitated and can see the creature. If the saving throw fails by 5 or more, the creature is instantly petrified. Otherwise, a creature that fails the save begins to turn to stone and is restrained. The restrained creature must repeat the saving throw at the end of its next turn, becoming petrified on a failure or ending the effect on a success. The petrification lasts until the creature is freed by the greater restoration spell or other magic.</text>
			<text>Unless surprised, a creature can avert its eyes to avoid the saving throw at the start of its turn. If the creature does so, it can't see Marlos until the start of its next turn, when it can decide to avert its eyes again. If the creature looks at Marlos in the meantime, it must immediately make the save.</text>
			<text>If Marlos sees himself reflected on a polished surface within 30 feet of him and in an area of bright light, Marlos is, due to his curse, affected by his own gaze.</text>
		</trait>
		<action>
			<name>Multiattack</name>
			<text>Marlos makes three melee attacks, one with his snake hair and two with Ironfang.</text>
		</action>
		<action>
			<name>Snake Hair</name>
			<text>Melee Weapon Attack: +6 to hit, reach 5 ft., one target. Hit: 7 (1d8 + 3) piercing damage plus 14 (4d6) poison damage.</text>
			<attack>Snake Hair|6|1d8+3+4d6</attack>
		</action>
		<action>
			<name>Ironfang</name>
			<text>Melee Weapon Attack: +9 to hit, reach 5 ft., one target. Hit: 7 (1d8 + 3) piercing damage plus 4 (1d8) thunder damage.</text>
			<attack>Ironfang|9|1d8+3+1d8</attack>
		</action>
	</monster>
	<monster>
		<name>Miraj Vizann</name>
		<size>M</size>
		<type>humanoid (earth genasi), elemental evil</type>
		<alignment>neutral evil</alignment>
		<ac>10 (13 with mage armor)</ac>
		<hp>82 (11d8+33)</hp>
		<speed>30 ft.</speed>
		<str>12</str>
		<dex>10</dex>
		<con>17</con>
		<int>13</int>
		<wis>11</wis>
		<cha>18</cha>
		<skill>Arcana +4, Deception +7</skill>
		<passive>10</passive>
		<languages>Common, Primordial</languages>
		<cr>6</cr>
		<trait>
			<name>Earth Walk</name>
			<text>Moving through difficult terrain made of earth or stone costs Miraj no extra movement.</text>
		</trait>
		<trait>
			<name>Innate Spellcasting</name>
			<text>Miraj's innate spellcasting ability is Constitution (spell save DC 14). He can innately cast the following spell, requiring no material components: </text>
			<text />
			<text>• 1/day: pass without trace</text>
		</trait>
		<trait>
			<name>Spellcasting</name>
			<text>Miraj is an 11th-level spellcaster. His spellcasting ability is Charisma (spell save DC 15, +7 to hit with spell attacks). He knows the following sorcerer spells: </text>
			<text />
			<text>• Cantrips (at will): acid splash, blade ward, friends, light, message, mold earth</text>
			<text>• 1st level (4 slots): chromatic orb, mage armor, magic missile</text>
			<text>• 2nd level (3 slots): Maximilian's earthen grasp, shatter, suggestion</text>
			<text>• 3rd level (3 slots): counterspell, erupting earth</text>
			<text>• 4th level (3 slots): polymorph, stoneskin</text>
			<text>• 5th level (2 slots): wall of stone</text>
			<text>• 6th level (1 slot): move earth</text>
		</trait>
		<action>
			<name>Staff</name>
			<text>Melee Weapon Attack: +4 to hit, reach 5 ft., one target. Hit: 4 (1d6 + 1) bludgeoning damage, or 5 (1d8 + 1) bludgeoning damage when used with two hands.</text>
			<attack>One Handed|4|1d6+1</attack>
			<attack>Two Handed|4|1d8+1</attack>
		</action>
		<spells>pass without trace, acid splash, blade ward, friends, light, message, mold earth (ee), chromatic orb, mage armor, magic missile, Maximilian's earthen grasp (ee), shatter, suggestion, counterspell, erupting earth (ee), polymorph, stoneskin, wall of stone, move earth</spells>
		<slots>4,3,3,3,2,1,0,0,0</slots>
	</monster>
	<monster>
		<name>Ogremoch</name>
		<size>G</size>
		<type>elemental, elemental evil</type>
		<alignment>neutral evil</alignment>
		<ac>20 (natural armor)</ac>
		<hp>526 (27d20+243)</hp>
		<speed>50 ft., burrow 50 ft.</speed>
		<str>26</str>
		<dex>11</dex>
		<con>28</con>
		<int>11</int>
		<wis>15</wis>
		<cha>22</cha>
		<save>Str +14, Con +15, Wis +8</save>
		<resist>bludgeoning, piercing, and slashing from nonmagical weapons</resist>
		<immune>poison</immune>
		<conditionImmune>charmed, frightened, paralyzed, petrified, poisoned, prone</conditionImmune>
		<senses>blindsight 120 ft., tremorsense 120 ft.</senses>
		<passive>12</passive>
		<languages>Common, Terran</languages>
		<cr>20</cr>
		<trait>
			<name>Empowered Attacks</name>
			<text>Ogremoch's slam attacks are treated as magical and adamantine for the purpose of bypassing resistance and immunity to nonmagical weapons.</text>
		</trait>
		<trait>
			<name>Innate Spellcasting</name>
			<text>Ogremoch's innate spellcasting ability is Charisma (spell save DC 20, +12 to hit with spell attacks). He can innately cast the following spells, requiring no material components: </text>
			<text />
			<text />
			<text>• At will: meld into stone, move earth, wall of stone</text>
		</trait>
		<trait>
			<name>Legendary Resistance (3/Day)</name>
			<text>If Ogremoch fails a saving throw, he can choose to succeed instead.</text>
		</trait>
		<trait>
			<name>Magic Resistance</name>
			<text>Ogremoch has advantage on saving throws against spells and other magical effects.</text>
		</trait>
		<trait>
			<name>Siege Monster</name>
			<text>Ogremoch deals double damage to objects and structures with his melee and ranged weapon attacks.</text>
		</trait>
		<action>
			<name>Multiattack</name>
			<text>Ogremoch makes two slam attacks.</text>
		</action>
		<action>
			<name>Slam</name>
			<text>Melee Weapon Attack: +14 to hit, reach 15 ft., one target. Hit: 30 (4d10 + 8) bludgeoning damage.</text>
			<attack>Slam|14|4d10+8</attack>
		</action>
		<action>
			<name>Boulder</name>
			<text>Ranged Weapon Attack: +6 to hit, range 500 ft., one target. Hit: 46 (7d10 + 8) bludgeoning damage. If the target is a creature, it must succeed on a DC 23 Strength saving throw or be knocked prone.</text>
			<attack>Boulder|6|7d10+8</attack>
		</action>
		<action>
			<name>Summon Elementals (1/Day)</name>
			<text>Ogremoch summons up to three earth elementals and loses 30 hit points for each elemental he summons. Summoned elementals have maximum hit points, appear within 100 feet of Ogremoch, and disappear if Ogremoch is reduced to 0 hit points.</text>
		</action>
		<legendary>
			<name>Illuminating Crystals</name>
			<text>Ogremoch's crystalline protrusions flare. Each creature within 30 feet of Ogremoch becomes outlined in orange light, shedding dim light in a 10-foot radius. Any attack roll against an affected creature has advantage if the attacker can see it, and the affected creature can't benefit from being invisible.</text>
		</legendary>
		<legendary>
			<name>Stomp (Costs 2 Actions)</name>
			<text>Ogremoch stomps the ground, creating an earth tremor that extends in a 30-foot radius. Other creatures standing on the ground in that radius must succeed on a DC 23 Dexterity saving throw or fall prone.</text>
		</legendary>
		<legendary>
			<name>Create Gargoyle (Costs 3 Actions)</name>
			<text>Ogremoch's hit points are reduced by 50 as he breaks off a chunk of his body and places it on the ground in an unoccupied space within 15 feet of him. The chunk of rock instantly transforms into a gargoyle and acts on the same initiative count as Ogremoch. Ogremoch can't use this action if he has 50 hit points or fewer. The gargoyle obeys Ogremoch's commands and fights until destroyed.</text>
		</legendary>
		<spells>meld into stone, move earth, wall of stone</spells>
	</monster>
	<monster>
		<name>Olhydra</name>
		<size>H</size>
		<type>elemental, elemental evil</type>
		<alignment>neutral evil</alignment>
		<ac>18 (natural armor)</ac>
		<hp>324 (24d12+168)</hp>
		<speed>50 ft., swim 100 ft.</speed>
		<str>21</str>
		<dex>22</dex>
		<con>24</con>
		<int>17</int>
		<wis>18</wis>
		<cha>23</cha>
		<save>Str +11, Con +13, Wis +10</save>
		<resist>lightning; bludgeoning, piercing, and slashing from nonmagical weapons</resist>
		<immune>acid, cold, poison</immune>
		<conditionImmune>charmed, frightened, paralyzed, petrified, poisoned, prone, restrained</conditionImmune>
		<senses>blindsight 120 ft.</senses>
		<passive>14</passive>
		<languages>Aquan</languages>
		<cr>18</cr>
		<trait>
			<name>Empowered Attacks</name>
			<text>Olhydra's slam attacks are treated as magical for the purpose of bypassing resistance and immunity to nonmagical weapons.</text>
		</trait>
		<trait>
			<name>Innate Spellcasting</name>
			<text>Olhydra's innate spellcasting ability is Charisma (spell save DC 20, +12 to hit with spell attacks). She can innately cast the following spells, requiring no material components: </text>
			<text />
			<text>• At will: wall of ice</text>
			<text>• 3/day: ice storm</text>
			<text>• 1/day: storm of vengeance</text>
		</trait>
		<trait>
			<name>Legendary Resistance (3/Day)</name>
			<text>If Olhydra fails a saving throw, she can choose to succeed instead.</text>
		</trait>
		<trait>
			<name>Magic Resistance</name>
			<text>Olhydra has advantage on saving throws against spells and other magical effects.</text>
		</trait>
		<trait>
			<name>Water Form</name>
			<text>Olhydra can enter a hostile creature's space and stop there. She can move through a space as narrow as 1 inch wide without squeezing.</text>
		</trait>
		<action>
			<name>Multiattack</name>
			<text>Olhydra makes two slam attacks or two water jet attacks.</text>
		</action>
		<action>
			<name>Slam</name>
			<text>Melee Weapon Attack: +11 to hit, reach 10 ft., one target. Hit: 21 (3d10 + 5) bludgeoning damage, and the target is grappled (escape DC 19). Olhydra can grapple up to four targets. When Olhydra moves, all creatures she is grappling move with her.</text>
			<attack>Slam|11|3d10+5</attack>
		</action>
		<action>
			<name>Water Jet</name>
			<text>Ranged Weapon Attack: +12 to hit, range 120 ft., one target. Hit: 21 (6d6) bludgeoning damage, and the target is knocked prone if it fails a DC 19 Strength saving throw.</text>
			<attack>Water Jet|12|6d6</attack>
		</action>
		<action>
			<name>Summon Elementals (1/Day)</name>
			<text>Olhydra summons up to three water elementals and loses 30 hit points for each elemental she summons. Summoned elementals have maximum hit points, appear within 100 feet of Olhydra, and disappear if Olhydra is reduced to 0 hit points.</text>
		</action>
		<legendary>
			<name>Crush</name>
			<text>One creature that Olhydra is grappling is crushed for 21 (3d10 + 5) bludgeoning damage.</text>
			<attack>Crush||3d10+5</attack>
		</legendary>
		<legendary>
			<name>Fling (Costs 2 Actions)</name>
			<text>Olhydra releases one creature she is grappling by flinging the creature up to 60 feet away from her, in a direction of her choice. If the flung creature comes into contact with a solid surface, such as a wall or floor, the creature takes 1d6 bludgeoning damage for every 10 feet it was flung.</text>
		</legendary>
		<legendary>
			<name>Water to Acid (Costs 3 Actions)</name>
			<text>Olhydra transforms her watery body into acid. This effect lasts until Olhydra's next turn. Any creature that comes into contact with Olhydra or hits her with a melee attack while standing within 5 feet of her takes 11 (2d10) acid damage. Any creature grappled by Olhydra takes 22 (4d10) acid damage at the start of its turn.</text>
			<attack>Contact||2d10</attack>
			<attack>Grappled||4d10</attack>
		</legendary>
		<spells>wall of ice, ice storm, storm of vengeance</spells>
	</monster>
	<monster>
		<name>One-Eyed Shiver</name>
		<size>M</size>
		<type>humanoid (human), elemental evil</type>
		<alignment>chaotic evil</alignment>
		<ac>12 (15 with mage armor)</ac>
		<hp>49 (9d8+9)</hp>
		<speed>30 ft.</speed>
		<str>10</str>
		<dex>14</dex>
		<con>12</con>
		<int>13</int>
		<wis>13</wis>
		<cha>17</cha>
		<skill>Arcana +3, Perception +3, Intimidation +5</skill>
		<immune>cold</immune>
		<passive>13</passive>
		<languages>Common</languages>
		<cr>3</cr>
		<trait>
			<name>Chilling Mist</name>
			<text>While it is alive, the one-eyed shiver projects an aura of cold mist within 10 feet of itself. If the one-eyed shiver deals damage to a creature in this area, the creature also takes 5 (1d10) cold damage.</text>
			<attack>Chilling Mist||1d10</attack>
		</trait>
		<trait>
			<name>Spellcasting</name>
			<text>The one-eyed shiver is a 5th-level spellcaster. Its spellcasting ability is Charisma (spell save DC 13, +5 to hit with spell attacks). It knows the following sorcerer spells: </text>
			<text />
			<text>• Cantrips (at will): chill touch, mage hand</text>
			<text>• 1st level (4 slots): fog cloud, mage armor, thunderwave</text>
			<text>• 2nd level (3 slots): mirror image, misty step</text>
			<text>• 3rd level (2 slots): fear</text>
		</trait>
		<action>
			<name>Dagger</name>
			<text>Melee Weapon Attack: +4 to hit, reach 5 ft. or range 20/60 ft., one target. Hit: 4 (1d4 + 2) piercing damage.</text>
			<attack>Dagger|4|1d4+2</attack>
		</action>
		<action>
			<name>Eye of Frost</name>
			<text>The one-eyed shiver casts ray of frost from its missing eye. If it hits, the target is also restrained. A target restrained in this way can end the condition by using an action, succeeding on a DC 13 Strength check.</text>
		</action>
		<spells>chill touch, mage hand, fog cloud, mage armor, thunderwave, mirror image, misty step, fear</spells>
		<slots>4,3,2,0,0,0,0,0,0</slots>
	</monster>
	<monster>
		<name>Oreioth</name>
		<size>M</size>
		<type>humanoid (human), elemental evil</type>
		<alignment>chaotic evil</alignment>
		<ac>11 (14 with mage armor)</ac>
		<hp>39 (6d8+12)</hp>
		<speed>30 ft.</speed>
		<str>8</str>
		<dex>13</dex>
		<con>14</con>
		<int>16</int>
		<wis>9</wis>
		<cha>11</cha>
		<save>Wis +1</save>
		<skill>Arcana +5, Investigation +5, Medicine +1</skill>
		<passive>9</passive>
		<languages>Abyssal, Common</languages>
		<cr>2</cr>
		<trait>
			<name>Grim Harvest</name>
			<text>Once per turn when Oreioth kills one or more creatures with a spell of 1st level or higher, he regains hit points equal to twice the spell's level.</text>
		</trait>
		<trait>
			<name>Spellcasting</name>
			<text>Oreioth is a 6th-level spellcaster. His spellcasting ability is Intelligence (spell save DC 13, +5 to hit with spell attacks). He has the following wizard spells prepared: </text>
			<text />
			<text>• Cantrips (at will): chill touch, minor illusion, prestidigitation, shocking grasp</text>
			<text>• 1st level (4 slots): false life, mage armor, magic missile, ray of sickness</text>
			<text>• 2nd level (3 slots): crown of madness, misty step</text>
			<text>• 3rd level (3 slots): animate dead, vampiric touch</text>
		</trait>
		<trait>
			<name>Swift Animation (Recharges after a Long Rest)</name>
			<text>When a living Medium or Small humanoid within 30 feet of Oreioth dies, he can use an action on his next turn to cast animate dead on that humanoid's corpse, instead of using the spell's normal casting time.</text>
		</trait>
		<action>
			<name>Dagger</name>
			<text>Melee Weapon Attack: +3 to hit, reach 5 ft., one target. Hit: 3 (1d4 + 1) piercing damage.</text>
			<attack>Dagger|3|1d4+1</attack>
		</action>
		<spells>chill touch, minor illusion, prestidigitation, shocking grasp, false life, mage armor, magic missile, ray of sickness, crown of madness, misty step, animate dead, vampiric touch</spells>
		<slots>4,3,3,0,0,0,0,0,0</slots>
	</monster>
	<monster>
		<name>Razerblast</name>
		<size>M</size>
		<type>humanoid (human), elemental evil</type>
		<alignment>chaotic evil</alignment>
		<ac>17 (splint)</ac>
		<hp>112 (15d8+75)</hp>
		<speed>30 ft.</speed>
		<str>16</str>
		<dex>11</dex>
		<con>16</con>
		<int>9</int>
		<wis>10</wis>
		<cha>13</cha>
		<skill>Intimidation +4, Perception +3</skill>
		<immune>fire</immune>
		<passive>13</passive>
		<languages>Common, Ignan</languages>
		<cr>5</cr>
		<trait>
			<name>Searing Armor</name>
			<text>The razerblast's armor is hot. Any creature grappling the razerblast or grappled by it takes 5 (1d10) fire damage at the end of that creature's turn.</text>
			<attack>Searing Armor||1d10</attack>
		</trait>
		<trait>
			<name>Shrapnel Explosion</name>
			<text>When the razerblast drops to 0 hit points, a flaming orb in its chest explodes, destroying the razerblast's body and scattering its armor as shrapnel. Creatures within 10 feet of the razerblast when it explodes must succeed on a DC 12 Dexterity saving throw, taking 21 (6d6) piercing damage on a failed save, or half as much damage on a successful one.</text>
		</trait>
		<action>
			<name>Multiattack</name>
			<text>The razerblast makes three melee attacks.</text>
		</action>
		<action>
			<name>Spear</name>
			<text>Melee or Ranged Weapon Attack: +6 to hit, reach 5 ft. or range 20/60 ft., one target. Hit: 6 (1d6 + 3) piercing damage, or 7 (1d8 + 3) piercing damage if used with two hands to make a melee attack, plus 3 (1d6) fire damage.</text>
			<attack>One Handed|6|1d6+3+1d6</attack>
			<attack>Two Handed|6|1d8+3+1d6</attack>
		</action>
	</monster>
	<monster>
		<name>Sacred Stone Monk</name>
		<size>M</size>
		<type>humanoid (human), elemental evil</type>
		<alignment>lawful evil</alignment>
		<ac>14</ac>
		<hp>22 (4d8+4)</hp>
		<speed>40 ft.</speed>
		<str>13</str>
		<dex>15</dex>
		<con>12</con>
		<int>10</int>
		<wis>14</wis>
		<cha>9</cha>
		<skill>Acrobatics +4, Athletics +3, Perception +4</skill>
		<senses>tremorsense 10 ft.</senses>
		<passive>14</passive>
		<languages>Common</languages>
		<cr>1/2</cr>
		<trait>
			<name>Unarmored Defense</name>
			<text>While the monk is wearing no armor and wielding no shield, its AC includes its Wisdom modifier.</text>
		</trait>
		<trait>
			<name>Unarmored Movement</name>
			<text>While the monk is wearing no armor and wielding no shield, its walking speed increases by 10 feet (included in its speed).</text>
		</trait>
		<action>
			<name>Multiattack</name>
			<text>The monk makes two melee attacks.</text>
		</action>
		<action>
			<name>Unarmed Strike</name>
			<text>Melee Weapon Attack: +4 to hit, reach 5 ft., one target. Hit: 5 (1d6 + 2) bludgeoning damage.</text>
			<attack>Unarmed Strike|4|1d6+2</attack>
		</action>
		<reaction>
			<name>Parry</name>
			<text>The monk adds 2 to its AC against one melee or ranged weapon attack that would hit it. To do so, the monk must see the attacker.</text>
		</reaction>
	</monster>
	<monster>
		<name>Shoalar Quanderil</name>
		<size>M</size>
		<type>humanoid (water genasi), elemental evil</type>
		<alignment>lawful evil</alignment>
		<ac>10 (13 with mage armor)</ac>
		<hp>60 (8d8+24)</hp>
		<speed>30 ft., swim 30 ft.</speed>
		<str>11</str>
		<dex>12</dex>
		<con>16</con>
		<int>14</int>
		<wis>10</wis>
		<cha>17</cha>
		<skill>Arcana +4, Deception +5, Insight +2, Persuasion +5</skill>
		<resist>acid</resist>
		<passive>10</passive>
		<languages>Aquan, Common</languages>
		<cr>4</cr>
		<trait>
			<name>Amphibious</name>
			<text>Shoalar can breathe air and water.</text>
		</trait>
		<trait>
			<name>Innate Spellcasting</name>
			<text>Shoalar's innate spellcasting ability is Constitution (spell save DC 13, +5 to hit with spell attacks). He can innately cast the following spells: </text>
			<text />
			<text>• At will: shape water</text>
			<text>• 1/day: create or destroy water</text>
		</trait>
		<trait>
			<name>Spellcasting</name>
			<text>Shoalar is a 5th-level spellcaster. His spellcasting ability is Charisma (spell save DC 13, +5 to hit with spell attacks). He knows the following sorcerer spells: </text>
			<text />
			<text>• Cantrips (at will): acid splash, chill touch, friends, prestidigitation, ray of frost</text>
			<text>• 1st level (4 slots): disguise self, mage armor, magic missile</text>
			<text>• 2nd level (3 slots): hold person, misty step</text>
			<text>• 3rd level (2 slots): tidal wave</text>
		</trait>
		<action>
			<name>Dagger</name>
			<text>Melee or Ranged Weapon Attack: +3 to hit, reach 5 ft. or ranged 20/60 ft., one target. Hit: 3 (1d4 + 1) piercing damage.</text>
			<attack>Dagger|3|1d4+1</attack>
		</action>
		<spells>shape water (ee), create or destroy water, acid splash, chill touch, friends, prestidigitation, ray of frost, disguise self, mage armor, magic missile, hold person, misty step, tidal wave (ee)</spells>
		<slots>4,3,2,0,0,0,0,0,0</slots>
	</monster>
	<monster>
		<name>Skyweaver</name>
		<size>M</size>
		<type>humanoid (human), elemental evil</type>
		<alignment>chaotic evil</alignment>
		<ac>12 (15 with mage armor)</ac>
		<hp>44 (8d8+8)</hp>
		<speed>30 ft.</speed>
		<str>8</str>
		<dex>14</dex>
		<con>12</con>
		<int>11</int>
		<wis>10</wis>
		<cha>16</cha>
		<skill>Deception +5, Persuasion +5</skill>
		<passive>10</passive>
		<languages>Auran, Common</languages>
		<cr>3</cr>
		<trait>
			<name>Spellcasting</name>
			<text>The Skyweaver is a 6th-level spellcaster. Its spellcasting ability is Charisma (spell save DC 13, +5 to hit with spell attacks). It knows the following sorcerer spells: </text>
			<text />
			<text>• Cantrips (at will): blade ward, light, message, ray of frost, shocking grasp</text>
			<text>• 1st level (4 slots): feather fall, mage armor, witch bolt</text>
			<text>• 2nd level (3 slots): gust of wind, invisibility</text>
			<text>• 3rd level (3 slots): fly, lightning bolt</text>
		</trait>
		<action>
			<name>Dagger</name>
			<text>Melee or Ranged Weapon Attack: +4 to hit, reach 5 ft. or range 20/60 ft., one target. Hit: 3 (1d4 + 1) piercing damage.</text>
			<attack>Dagger|4|1d4+1</attack>
		</action>
		<spells>blade ward, light, message, ray of frost, shocking grasp, feather fall, mage armor, witch bolt, gust of wind, invisibility, fly, lightning bolt</spells>
		<slots>4,3,3,0,0,0,0,0,0</slots>
	</monster>
	<monster>
		<name>Stonemelder</name>
		<size>M</size>
		<type>humanoid (human), elemental evil</type>
		<alignment>neutral evil</alignment>
		<ac>17 (splint)</ac>
		<hp>75 (10d8+30)</hp>
		<speed>30 ft.</speed>
		<str>15</str>
		<dex>10</dex>
		<con>16</con>
		<int>12</int>
		<wis>11</wis>
		<cha>17</cha>
		<skill>Intimidation +5, Perception +2</skill>
		<senses>tremorsense 30 ft.</senses>
		<passive>12</passive>
		<languages>Common, Terran</languages>
		<cr>4</cr>
		<trait>
			<name>Death Burst</name>
			<text>When the Stonemelder dies, it turns to stone and explodes in a burst of rock shards, becoming a smoking pile of rubble. Each creature within 10 feet of the exploding Stonemelder must make a DC 14 Dexterity saving throw, taking 11 (2d10) bludgeoning damage on a failed save, or half as much damage on a successful one.</text>
			<attack>Death Burst||2d10</attack>
		</trait>
		<trait>
			<name>Spellcasting</name>
			<text>The Stonemelder is a 7th-level spellcaster. Its spellcasting ability is Charisma (spell save DC 13, +5 to hit with spell attacks). It knows the following sorcerer spells: </text>
			<text />
			<text>• Cantrips (at will): acid splash, blade ward, light, mending, mold earth</text>
			<text>• 1st level (4 slots): expeditious retreat, false life, shield</text>
			<text>• 2nd level (3 slots): Maximilian's earthen grasp, shatter</text>
			<text>• 3rd level (3 slots): erupting earth, meld into stone</text>
			<text>• 4th level (1 slot): stoneskin</text>
		</trait>
		<action>
			<name>Black Earth Rod</name>
			<text>Melee Weapon Attack: +5 to hit, reach 5 ft., one target. Hit: 5 (1d6 + 2) bludgeoning damage. The Stonemelder can also expend a spell slot to deal extra damage, dealing 2d8 bludgeoning damage for a 1st level slot, plus an additional 1d8 for each level of the slot above 1st.</text>
			<attack>Black Earth Rod|5|1d6+2</attack>
		</action>
		<spells>acid splash, blade ward, light, mending, mold earth (ee), expeditious retreat, false life, shield, Maximilian's earthen grasp (ee), shatter, erupting earth (ee), meld into stone, stoneskin</spells>
		<slots>4,3,3,1,0,0,0,0,0</slots>
	</monster>
	<monster>
		<name>Thurl Merosska</name>
		<size>M</size>
		<type>humanoid (human), tyranny of dragons</type>
		<alignment>lawful evil</alignment>
		<ac>16 (breastplate)</ac>
		<hp>71 (11d8+21)</hp>
		<speed>30 ft.</speed>
		<str>16</str>
		<dex>14</dex>
		<con>14</con>
		<int>11</int>
		<wis>10</wis>
		<cha>15</cha>
		<skill>Animal Handling +2, Athletics +5, Deception +4, Persuasion +4</skill>
		<passive>10</passive>
		<languages>Auran, Common</languages>
		<cr>3</cr>
		<trait>
			<name>Spellcasting</name>
			<text>Thurl is a 5th-level spellcaster. His spellcasting ability is Charisma (spell save DC 12, +4 to hit with spell attacks). Thurl knows the following sorcerer spells: </text>
			<text />
			<text>• Cantrips (at will): friends, gust, light, message, ray of frost</text>
			<text>• 1st level (4 slots): expeditious retreat, feather fall, jump</text>
			<text>• 2nd level (3 slots): levitate, misty step</text>
			<text>• 3rd level (2 slots): haste</text>
		</trait>
		<action>
			<name>Multiattack</name>
			<text>Thurl makes two melee attacks.</text>
		</action>
		<action>
			<name>Greatsword</name>
			<text>Melee Weapon Attack: +5 to hit, reach 5 ft., one target. Hit: 10 (2d6 + 3) slashing damage.</text>
			<attack>Greatsword|5|2d6+3</attack>
		</action>
		<action>
			<name>Lance</name>
			<text>Melee Weapon Attack: +5 to hit, reach 10 ft., one target. Hit: 9 (1d12 + 3) piercing damage.</text>
			<attack>Lance|5|1d12+3</attack>
		</action>
		<reaction>
			<name>Parry</name>
			<text>Thurl adds 2 to his AC against one melee attack that would hit him. To do so, Thurl must see the attacker and be wielding a melee weapon.</text>
		</reaction>
		<spells>friends, gust (ee), light, message, ray of frost, expeditious retreat, feather fall, jump, levitate, misty step, haste</spells>
		<slots>4,3,2,0,0,0,0,0,0</slots>
	</monster>
	<monster>
		<name>Vanifer</name>
		<size>M</size>
		<type>humanoid (tiefling), elemental evil</type>
		<alignment>neutral evil</alignment>
		<ac>15 (studded leather)</ac>
		<hp>112 (15d8+45)</hp>
		<speed>30 ft.</speed>
		<str>11</str>
		<dex>16</dex>
		<con>17</con>
		<int>12</int>
		<wis>13</wis>
		<cha>19</cha>
		<skill>Arcana +5, Deception +8, Performance +8</skill>
		<immune>fire</immune>
		<senses>darkvision 60 ft.</senses>
		<passive>11</passive>
		<languages>Common, Ignan, Infernal</languages>
		<cr>9</cr>
		<trait>
			<name>Funeral Pyre</name>
			<text>When Vanifer drops to 0 hit points, her body is consumed in a flash of fire and smoke. Anything she was wearing or carrying is left behind among ashes.</text>
		</trait>
		<trait>
			<name>Legendary Resistance (2/Day)</name>
			<text>If Vanifer fails a saving throw, she can choose to succeed instead.</text>
		</trait>
		<trait>
			<name>Spellcasting</name>
			<text>Vanifer is a 10th-level spellcaster. Her spellcasting ability is Charisma (spell save DC 16, +8 to hit with spell attacks). Vanifer knows the following sorcerer spells: </text>
			<text />
			<text>• Cantrips (at will): chill touch, fire bolt, friends, mage hand, message, produce flame, thaumaturgy</text>
			<text>• 1st level (4 slots): burning hands, chromatic orb, hellish rebuke, shield</text>
			<text>• 2nd level (3 slots): darkness, detect thoughts, misty step, scorching ray</text>
			<text>• 3rd level (3 slots): counterspell, fireball, hypnotic pattern</text>
			<text>• 4th level (3 slots): wall of fire</text>
			<text>• 5th level (2 slots): dominate person</text>
		</trait>
		<action>
			<name>Multiattack</name>
			<text>Vanifer makes two attacks.</text>
		</action>
		<action>
			<name>Tinderstrike</name>
			<text>Melee or Ranged Weapon Attack: +9 to hit, reach 5 ft. or range 20/60 ft., one target. Hit: 7 (1d4 + 5) piercing damage plus 7 (2d6) fire damage.</text>
			<attack>Tinderstrike|9|1d4+5+2d6</attack>
		</action>
		<spells>chill touch, fire bolt, friends, mage hand, message, produce flame, thaumaturgy, burning hands, chromatic orb, hellish rebuke, shield, darkness, detect thoughts, misty step, scorching ray, counterspell, fireball, hypnotic pattern, wall of fire, dominate person</spells>
		<slots>4,3,3,3,2,0,0,0,0</slots>
	</monster>
	<monster>
		<name>Water Elemental Myrmidon</name>
		<size>M</size>
		<type>elemental, elemental evil</type>
		<alignment>neutral</alignment>
		<ac>18 (plate)</ac>
		<hp>127 (17d8+51)</hp>
		<speed>40 ft., swim 40 ft.</speed>
		<str>18</str>
		<dex>14</dex>
		<con>15</con>
		<int>8</int>
		<wis>10</wis>
		<cha>10</cha>
		<resist>acid; bludgeoning, piercing, and slashing from nonmagical weapons</resist>
		<immune>poison</immune>
		<conditionImmune>paralyzed, petrified, poisoned, prone</conditionImmune>
		<senses>darkvision 60 ft.</senses>
		<passive>10</passive>
		<languages>Aquan, one language of its creator's choice</languages>
		<cr>7</cr>
		<trait>
			<name>Magic Weapons</name>
			<text>The myrmidon's weapon attacks are magical.</text>
		</trait>
		<action>
			<name>Multiattack</name>
			<text>The myrmidon makes three trident attacks.</text>
		</action>
		<action>
			<name>Trident</name>
			<text>Melee Weapon Attack: +7 to hit, reach 5 ft., one target. Hit: 7 (1d6 + 4) piercing damage.</text>
			<attack>Trident|7|1d6+4</attack>
		</action>
		<action>
			<name>Freezing Strikes (Recharge 6)</name>
			<text>The myrmidon uses Multiattack. Each attack that hits deals an extra 5 (1d10) cold damage, and the target's speed is reduced by 10 feet until the end of the myrmidon's next turn.</text>
			<attack>Freezing Strikes|7|1d6+4+1d10</attack>
		</action>
	</monster>
	<monster>
		<name>Wiggan Nettlebee</name>
		<size>S</size>
		<type>humanoid (halfling), elemental evil</type>
		<alignment>neutral evil</alignment>
		<ac>11 (16 with barkskin)</ac>
		<hp>36 (8d6+8)</hp>
		<speed>30 ft.</speed>
		<str>8</str>
		<dex>12</dex>
		<con>12</con>
		<int>14</int>
		<wis>15</wis>
		<cha>13</cha>
		<skill>Deception +3, Insight +4</skill>
		<passive>12</passive>
		<languages>Common, Halfling</languages>
		<cr>2</cr>
		<trait>
			<name>Brave Devotion</name>
			<text>Wiggan has advantage on saving throws against being charmed or frightened.</text>
		</trait>
		<trait>
			<name>Spellcasting</name>
			<text>Wiggan is a 4th-level spellcaster. His spellcasting ability is Wisdom (spell save DC 12, +4 to hit with spell attacks). He has the following cleric spells prepared: </text>
			<text />
			<text>• Cantrips (at will): guidance, light, mending, shillelagh, thaumaturgy</text>
			<text>• 1st Level (4 slots): animal friendship, cure wounds, healing word, inflict wounds, speak with animals</text>
			<text>• 2nd Level (3 slots): barkskin, spike growth, spiritual weapon</text>
		</trait>
		<action>
			<name>Multiattack</name>
			<text>Wiggan makes two attacks with his wooden cane.</text>
		</action>
		<action>
			<name>Wooden Cane</name>
			<text>Melee Weapon Attack: +0 to hit (+4 to hit with shillelagh), reach 5 ft., one target. Hit: 1 (1d4-1) bludgeoning damage, or 6 (1d8 + 2) bludgeoning damage with shillelagh.</text>
			<attack>Wooden Cane|0|1d4-1</attack>
			<attack>Shillelagh|4|1d8+2</attack>
		</action>
		<spells>guidance, light, mending, shillelagh, thaumaturgy, animal friendship, cure wounds, healing word, inflict wounds, speak with animals, barkskin, spike growth, spiritual weapon</spells>
		<slots>4,3,0,0,0,0,0,0,0</slots>
	</monster>
	<monster>
		<name>Windharrow</name>
		<size>M</size>
		<type>humanoid (half-elf), elemental evil</type>
		<alignment>neutral evil</alignment>
		<ac>15 (studded leather)</ac>
		<hp>55 (10d8+10)</hp>
		<speed>30 ft.</speed>
		<str>10</str>
		<dex>16</dex>
		<con>12</con>
		<int>14</int>
		<wis>10</wis>
		<cha>17</cha>
		<skill>Acrobatics +5, Deception +7, Persuasion +5, Performance +7, Stealth +5</skill>
		<senses>darkvision 60 ft.</senses>
		<passive>10</passive>
		<languages>Auran, Common, Elvish</languages>
		<cr>3</cr>
		<trait>
			<name>Fey Ancestry</name>
			<text>Windharrow has advantage on saving throws against being charmed, and magic can't put him to sleep.</text>
		</trait>
		<trait>
			<name>Spellcasting</name>
			<text>Windharrow is an 8th-level spellcaster. His spellcasting ability is Charisma (spell save DC 13, +5 to hit with spell attacks). Windharrow knows the following bard spells: </text>
			<text />
			<text>• Cantrips (at will): friends, prestidigitation, vicious mockery</text>
			<text>• 1st level (4 slots): disguise self, dissonant whispers, thunderwave</text>
			<text>• 2nd level (3 slots): invisibility, shatter, silence</text>
			<text>• 3rd level (3 slots): nondetection, sending, tongues</text>
			<text>• 4th level (2 slots): confusion, dimension door</text>
		</trait>
		<action>
			<name>Multiattack</name>
			<text>Windharrow makes two melee attacks.</text>
		</action>
		<action>
			<name>Rapier</name>
			<text>Melee Weapon Attack: +5 to hit, reach 5 ft., one creature. Hit: 7 (1d8 + 3) piercing damage.</text>
			<attack>Rapier|5|1d8+3</attack>
		</action>
		<spells>friends, prestidigitation, vicious mockery, disguise self, dissonant whispers, thunderwave, invisibility, shatter, silence, nondetection, sending, tongues, confusion, dimension door</spells>
		<slots>4,3,3,2,0,0,0,0,0</slots>
	</monster>
	<monster>
		<name>Yan-C-Bin</name>
		<size>H</size>
		<type>elemental, elemental evil</type>
		<alignment>neutral evil</alignment>
		<ac>22 (natural armor)</ac>
		<hp>283 (21d12+147)</hp>
		<speed>50 ft., fly 150 ft.</speed>
		<str>18</str>
		<dex>24</dex>
		<con>24</con>
		<int>16</int>
		<wis>21</wis>
		<cha>23</cha>
		<save>Dex +13, Wis +11, Cha +12</save>
		<resist>cold, fire;  bludgeoning, piercing, and slashing from nonmagical weapons</resist>
		<immune>lightning, poison, thunder</immune>
		<conditionImmune>charmed, frightened, paralyzed, petrified, poisoned, prone, restrained</conditionImmune>
		<senses>blindsight 120 ft.</senses>
		<passive>15</passive>
		<languages>Auran</languages>
		<cr>18</cr>
		<trait>
			<name>Air Form</name>
			<text>Yan-C-Bin can enter a hostile creature's space and stop there. He can move through a space as narrow as 1 inch wide without squeezing if air could pass through that space.</text>
		</trait>
		<trait>
			<name>Empowered Attacks</name>
			<text>Yan-C-Bin's slam attacks are treated as magical for the purpose of bypassing resistance and immunity to nonmagical weapons.</text>
		</trait>
		<trait>
			<name>Innate Spellcasting</name>
			<text>Yan-C-Bin's innate spellcasting ability is Charisma (spell save DC 20, +12 to hit with spell attacks). He can innately cast the following spells, requiring no material components: </text>
			<text />
			<text>• At will: gust of wind, invisibility, lightning bolt</text>
			<text>• 2/day each: chain lightning, cloudkill, haste</text>
		</trait>
		<trait>
			<name>Legendary Resistance (3/Day)</name>
			<text>If Yan-C-Bin fails a saving throw, he can choose to succeed instead.</text>
		</trait>
		<trait>
			<name>Magic Resistance</name>
			<text>Yan-C-Bin has advantage on saving throws against spells and other magical effects.</text>
		</trait>
		<action>
			<name>Multiattack</name>
			<text>Yan-C-Bin makes two slam attacks.</text>
		</action>
		<action>
			<name>Slam</name>
			<text>Melee Weapon Attack: +14 to hit, reach 10 ft., one target. Hit: 20 (3d8 + 7) force damage plus 10 (3d6) lightning damage.</text>
			<attack>Slam|14|3d8+7+3d6</attack>
		</action>
		<action>
			<name>Thundercrack (Recharges after a Short or Long Rest)</name>
			<text>Yan-C-Bin unleashes a terrible thundercrack in a 100-foot- radius sphere centered on himself. All other creatures in the area must succeed on a DC 24 Constitution saving throw or take 31 (9d6) thunder damage and be deafened for 1 minute. On a successful save, a creature takes half as much damage and is deafened until the start of Yan-C-Bin's next turn.</text>
			<attack>Thundercrack||9d6</attack>
		</action>
		<action>
			<name>Change Shape</name>
			<text>Yan-C-Bin polymorphs into a Medium humanoid. While in polymorphed form, a swirling breeze surrounds him, his eyes are pale and cloudy, and he loses the Air Form trait. He can remain in polymorphed form for up to 1 hour. Reverting to his true form requires an action.</text>
		</action>
		<action>
			<name>Summon Elementals (1/Day)</name>
			<text>Yan-C-Bin summons up to three air elementals and loses 30 hit points for each elemental he summons. Summoned elementals have maximum hit points, appear within 100 feet of Yan-C-Bin, and disappear if Yan-C-Bin is reduced to 0 hit points.</text>
		</action>
		<legendary>
			<name>Peal of Thunder</name>
			<text>Yan-C-Bin unleashes a peal of thunder that can be heard out to a range of 300 feet. Each creature within 30 feet of Yan-C-Bin takes 5 (1d10) thunder damage.</text>
			<attack>Peal of Thunder||1d10</attack>
		</legendary>
		<legendary>
			<name>Teleport (Costs 2 Actions)</name>
			<text>Yan-C-Bin magically teleports up to 120 feet to an unoccupied space he can see. Anything Yan-C-Bin is wearing or carrying is teleported with him.</text>
		</legendary>
		<legendary>
			<name>Suffocate (Costs 3 Actions)</name>
			<text>Yan-C-Bin steals the air of one breathing creature he can see within 60 feet of him. The target must make a DC 21 Constitution saving throw. On a failed save, the target drops to 0 hit points and is dying. On a successful save, the target can't breathe or speak until the start of its next turn.</text>
		</legendary>
		<spells>gust of wind, invisibility, lightning bolt, chain lightning, cloudkill, haste</spells>
	</monster>
</compendium>
