<?xml version="1.0" encoding="UTF-8"?>
<compendium version="5">
    <monster>
		<name>Animated Table</name>
		<size>L</size>
		<type>construct, tales from the yawning portal</type>
		<alignment>unaligned</alignment>
		<ac>15 (natural armor)</ac>
		<hp>39 (6d10+6)</hp>
		<speed>40 ft.</speed>
		<str>18</str><dex>8</dex><con>13</con><int>1</int><wis>3</wis><cha>1</cha>
		<save></save>
		<skill></skill>
		<resist></resist>
		<vulnerable></vulnerable>
		<immune>poison, psychic</immune>
		<conditionImmune>blinded, charmed, deafened, exhaustion, frightened, paralyzed, petrified, poisoned</conditionImmune>
		<senses>blindsight 60 ft. (blind beyond this radius)</senses>
		<passive>6</passive>
		<languages></languages>
		<cr>2</cr>
		<trait>
			<name>Source</name>
			<text>tales from the yawning portal,  page 230</text>
		</trait>
        <trait>
			<name>Constructed Nature</name>
			<text>An animated table doesn't require air, food, drink, or sleep.</text>
		</trait>
		<trait>
			<name>Antimagic Susceptibility</name>
			<text>The table is incapacitated while in the area of an antimagic field. If targeted by dispel magic, the table must succeed on a Constitution saving throw against the caster's spell save DC or fall unconscious for 1 minute.</text>
		</trait>
		<trait>
			<name>False Appearance</name>
			<text>While the table remains motionless, it is indistinguishable from a normal table.</text>
		</trait>
		<trait>
			<name>Charge</name>
			<text>If the table moves at least 20 feet straight toward a target and then hits it with a ram attack on the same turn, the target takes an extra 9 (2d8) bludgeoning damage. If the target is a creature, it must succeed on a DC 15 Strength saving throw or be knocked prone.</text>
		</trait>
		<action>
			<name>Ram</name>
			<text>Melee Weapon Attack: +6 to hit, reach 5 ft., one target. Hit: 13 (2d8 + 4) bludgeoning damage.</text>
			<attack>Ram|6|2d8+4</attack>
		</action>
		<spells></spells>
		<slots></slots>
	</monster>
	<monster>
		<name>Centaur Mummy</name>
		<size>L</size>
		<type>undead, tales from the yawning portal</type>
		<alignment>lawful evil</alignment>
		<ac>13 (natural armor)</ac>
		<hp>85 (10d10+30)</hp>
		<speed>30 ft.</speed>
		<str>20</str><dex>12</dex><con>16</con><int>5</int><wis>14</wis><cha>12</cha>
		<save>Wis +5</save>
		<skill></skill>
		<resist>bludgeoning, piercing, and slashing from nonmagical attacks</resist>
		<vulnerable>fire</vulnerable>
		<immune>necrotic, poison</immune>
		<conditionImmune>charmed, exhaustion, frightened, paralyzed, poisoned</conditionImmune>
		<senses>darkvision 60 ft.</senses>
		<passive>12</passive>
		<languages>Common, Sylvan</languages>
		<cr>6</cr>
		<trait>
			<name>Source</name>
			<text>tales from the yawning portal,  page 231</text>
		</trait>		<trait>
			<name>Undead Nature</name>
			<text>A mummy doesn't require air, food, drink, or sleep.</text>
		</trait>
		<trait>
			<name>Charge</name>
			<text>If the centaur mummy moves at least 20 feet straight toward a target and then hits it with a pike attack on the same turn, the target takes an extra 10 (3d6) piercing damage.</text>
		</trait>
		<action>
			<name>Multiattack</name>
			<text>The centaur mummy makes two melee attacks, one with its pike and one with its hooves, or it attacks with its pike and uses Dreadful Glare.</text>
		</action>
		<action>
			<name>Pike</name>
			<text>Melee Weapon Attack: +8 to hit, reach 10 ft., one target. Hit: 10 (1d10 + 5) piercing damage.</text>
			<attack>Pike|8|1d10+5</attack>
		</action>
		<action>
			<name>Hooves</name>
			<text>Melee Weapon Attack: +8 to hit, reach 5 ft., one target. Hit: 12 (2d6 + 5) bludgeoning damage plus 10 (3d6) necrotic damage. If the target is a creature, it must succeed on a DC 14 Constitution saving throw or be cursed with mummy rot. The cursed target can't regain hit points, and its hit point maximum decreases by 10 (3d6) for every 24 hours that elapse. If the curse reduces the target's hit point maximum to 0, the target dies, and its body turns to dust. The curse lasts until removed by the remove curse spell or similar magic.</text>
			<attack>Hooves|8|2d6+5+3d6</attack>
		</action>
		<action>
			<name>Dreadful Glare</name>
			<text>The centaur mummy targets one creature it can see within 60 feet of it. If the target can see the mummy, the target must succeed on a DC 12 wisdom saving throw against this magic or become frightened until the end of the mummy's next turn. If the target fails the saving throw by 5 or more, it is also paralyzed for the same duration. A target that succeeds on the saving throw is immune to the Dreadful Glare of all mummies (but not mummy lords) for tne next 24 hours.</text>
		</action>
		<spells></spells>
		<slots></slots>
	</monster>
	<monster>
		<name>Deathlock Wight</name>
		<size>M</size>
		<type>undead, tales from the yawning portal</type>
		<alignment>neutral evil</alignment>
		<ac>12 (15 with mage armor)</ac>
		<hp>37 (5d8+15)</hp>
		<speed>30 ft.</speed>
		<str>11</str><dex>14</dex><con>16</con><int>12</int><wis>14</wis><cha>16</cha>
		<save>Wis +4</save>
		<skill>Arcana +3, Perception +4</skill>
		<resist>necrotic; bludgeoning, piercing, and slashing from nonmagical attacks</resist>
		<vulnerable></vulnerable>
		<immune>poison</immune>
		<conditionImmune>exhaustion, poisoned</conditionImmune>
		<senses>darkvision 60 ft.</senses>
		<passive>14</passive>
		<languages>the languages it knew in life</languages>
		<cr>3</cr>
		<trait>
			<name>Source</name>
			<text>tales from the yawning portal,  page 233</text>
		</trait>		<trait>
			<name>Undead Nature</name>
			<text>A wight doesn't require air, food, drink, or sleep.</text>
		</trait>
		<trait>
			<name>Innate Spellcasting</name>
			<text>The wight's innate spellcasting ability is Charisma (spell save DC 13). It can innately cast the following spells, requiring no verbal or material components:</text>
			<text>	 </text>
			<text>At will: detect magic, disguise self, mage armor </text>
			<text>	 </text>
			<text>1/day each:fear, hold person, misty step</text>
		</trait>
		<trait>
			<name>Sunlight Sensitivity</name>
			<text>While in sunlight, the wight has disadvantage on attack rolls, as well as on Wisdom (Perception) checks that rely on sight.</text>
		</trait>
		<action>
			<name>Multiattack</name>
			<text>The wight attacks twice with Grave Bolt.</text>
		</action>
		<action>
			<name>Grave Bolt</name>
			<text>Ranged Spell Attack: +5 to hit, range 120 ft., one target. Hit: 7 (1d8 + 3) necrotic damage.</text>
			<attack>Grave Bolt|5|1d8+3</attack>
		</action>
		<action>
			<name>Life Drain</name>
			<text>Melee Weapon Attack: +4 to hit, reach 5 ft., one creature. Hit: 9 (2d6 + 2) necrotic damage. The target must succeed on a DC 13 Constitution saving throw or its hit point maximum is reduced by an amount equal to the damage taken. This reduction lasts until the target finishes a long rest. The target dies if this effect reduces its hit point maximum to 0.</text>
			<text>	A humanoid slain by this attack rises 24 hours later as a zombie under the wight's control, unless the humanoid is restored to life or its body is destroyed. The wight can have no more than twelve zombies under its control at one time.</text>
			<attack>Life Drain|4|2d6+2</attack>
		</action>
		<spells>detect magic, disguise self, mage armor, fear, hold person, misty step</spells>
		<slots></slots>
	</monster>
	<monster>
		<name>Dread Warrior</name>
		<size>M</size>
		<type>undead, tales from the yawning portal</type>
		<alignment>neutral evil</alignment>
		<ac>18 (chain mail, shield)</ac>
		<hp>37 (5d8+15)</hp>
		<speed>30 ft.</speed>
		<str>15</str><dex>11</dex><con>16</con><int>10</int><wis>12</wis><cha>10</cha>
		<save>Wis +3</save>
		<skill>Athletics +4, Perception +3</skill>
		<resist></resist>
		<vulnerable></vulnerable>
		<immune>poison</immune>
		<conditionImmune>exhaustion, poisoned</conditionImmune>
		<senses>darkvision 60 ft.</senses>
		<passive>13</passive>
		<languages>Common</languages>
		<cr>l</cr>
		<trait>
			<name>Source</name>
			<text>tales from the yawning portal,  page 233</text>
		</trait>		<trait>
			<name>Undead Nature</name>
			<text>A dread warrior doesn't require air, food, drink, or sleep.</text>
		</trait>
		<trait>
			<name>Undead Fortitude</name>
			<text>If damage reduces the dread warrior to 0 hit points, it must make a Constitution saving throw with a DC of 5 + the damage taken , unless the damage is radiant or from a critical hit. On a success, the dread warrior drops to l hit point instead.</text>
		</trait>
		<action>
			<name>Multiattack</name>
			<text>The dread warrior makes two melee attacks.</text>
		</action>
		<action>
			<name>Battleaxe</name>
			<text>Melee Weapon Attack: +4 to hit, reach 5 ft., one target. Hit: 6 (1d8 + 2) slashing damage, or 7 (1d10 + 2) slashing damage if wielded with two hands.</text>
			<attack>Battleaxe|4|1d8+2</attack>
			<attack>Two Handed|4|1d10+2</attack>
		</action>
		<action>
			<name>Javelin</name>
			<text>Melee or Ranged Weapon Attack: +4 to hit, reach 5 ft. or range 30/120 ft., one target. Hit: 5 (1d6 + 2) piercing damage.</text>
			<attack>Javelin|4|1d6+2</attack>
		</action>
		<spells></spells>
		<slots></slots>
	</monster>
	<monster>
		<name>Duergar Spy</name>
		<size>M</size>
		<type>humanoid (dwarf), tales from the yawning portal</type>
		<alignment>lawful evil</alignment>
		<ac>15 (studded leather)</ac>
		<hp>33 (6d8+6)</hp>
		<speed>25 ft.</speed>
		<str>10</str><dex>16</dex><con>12</con><int>12</int><wis>10</wis><cha>13</cha>
		<save></save>
		<skill>Deception +5, Insight +2, Investigation +5, Perception +4, Persuasion +3, Sleight of Hand +5, Stealth +7</skill>
		<resist>poison</resist>
		<vulnerable></vulnerable>
		<immune></immune>
		<conditionImmune></conditionImmune>
		<senses>darkvision 120 ft.</senses>
		<passive>14</passive>
		<languages>Dwarvish, Undercommon</languages>
		<cr>2</cr>
		<trait>
			<name>Source</name>
			<text>tales from the yawning portal,  page 234</text>
		</trait>		<trait>
			<name>Cunning Action</name>
			<text>On each of its turns, the spy can use a bonus action to take the Dash, Disengage, or Hide action.</text>
		</trait>
		<trait>
			<name>Duergar Resilience</name>
			<text>The spy has advantage on saving throws against poison, spells, and illusions, as well as to resist being charmed or paralyzed.</text>
		</trait>
		<trait>
			<name>Sneak Attack</name>
			<text>Once per turn, the spy can deal an extra 7 (2d6) damage when it hits a target with a weapon attack and has advantage on the attack roll, or when the target is within 5 feet of an ally of the spy that isn't incapacitated and the spy doesn't have disadvantage on the attack roll.</text>
		</trait>
		<trait>
			<name>Sunlight Sensitivity</name>
			<text>While in sunlight, the spy has disadvantage on attack rolls, as well as on Wisdom (Perception) checks that rely on sight.</text>
		</trait>
		<action>
			<name>Multiattack</name>
			<text>The spy makes two shortsword attacks.</text>
		</action>
		<action>
			<name>Eniarge (Recharges after a Short or Long Rest)</name>
			<text>For 1 minute, the spy magically increases in size, along with anything it is wearing or carrying. While enlarged, the spy is Large, doubles her damage dice on Strength-based weapon attacks (included in the attacks), and makes Strength checks and Strength saving throws with advantage. If the spy lacks the room to become Large, it attains the maximum size possible in the space available.</text>
		</action>
		<action>
			<name>Shortsword</name>
			<text>Melee Weapon Attack: +5 to hit, reach 5 ft., one target. Hit: 6 (1d6 + 3) piercing damage, or 10 (2d6 + 3) piercing damage while enlarged.</text>
			<attack>Shortsword|5|1d6+3</attack>
		</action>
		<action>
			<name>Hand Crossbow</name>
			<text>Ranged Weapon Attack: +5 to hit, range 30/120 ft ., one target. Hit: 6 (1d6 + 3) piercing damage.</text>
			<attack>Hand Crossbow|5|1d6+3</attack>
		</action>
		<action>
			<name>Invisibility (Recharges after a Short or Long Rest)</name>
			<text>The spy magically turns invisible until it attacks, deals damage, casts a spell, or uses its Enlarge, or until its concentration is broken, up to 1 hour (as if concentrating on a spell). Any equipment the spy wears or carries is invisible with it.</text>
		</action>
		<spells></spells>
		<slots></slots>
	</monster>
	<monster>
		<name>Giant Crayfish</name>
		<size>L</size>
		<type>beast, tales from the yawning portal</type>
		<alignment>unaligned</alignment>
		<ac>15 (natural armor)</ac>
		<hp>45 (7d10+7)</hp>
		<speed>30 ft., swim 30 ft.</speed>
		<str>15</str><dex>13</dex><con>13</con><int>1</int><wis>9</wis><cha>3</cha>
		<save></save>
		<skill>Stealth +3</skill>
		<resist></resist>
		<vulnerable></vulnerable>
		<immune></immune>
		<conditionImmune></conditionImmune>
		<senses>blindsight 30 ft.</senses>
		<passive>9
</passive>
		<languages></languages>
		<cr>2</cr>
		<trait>
			<name>Source</name>
			<text>tales from the yawning portal,  page 235</text>
		</trait>		<trait>
			<name>Amphibious</name>
			<text>The giant crayfish can breathe air and water.</text>
		</trait>
		<action>
			<name>Multiattack</name>
			<text>The giant crayfish makes two claw attacks.</text>
		</action>
		<action>
			<name>Claw</name>
			<text>Melee Weapon Attack: +4 to hit, reach 5 ft., one target. Hit: 7 (1d10 + 2) bludgeoning damage, and the target is grappled (escape DC 12). The crayfish has two claws, each of which can grapple only one target.</text>
			<attack>Claw|4|1d10+2</attack>
		</action>
		<spells></spells>
		<slots></slots>
	</monster>
	<monster>
		<name>Giant Lightning Eel</name>
		<size>L</size>
		<type>beast, tales from the yawning portal</type>
		<alignment>unaligned</alignment>
		<ac>13</ac>
		<hp>42 (5d10+15)</hp>
		<speed>5 ft., swim 30 ft.</speed>
		<str>11</str><dex>17</dex><con>16</con><int>2</int><wis>12</wis><cha>3</cha>
		<save></save>
		<skill></skill>
		<resist>lightning</resist>
		<vulnerable></vulnerable>
		<immune></immune>
		<conditionImmune></conditionImmune>
		<senses>blindsight 60 ft.</senses>
		<passive>11</passive>
		<languages></languages>
		<cr>3</cr>
		<trait>
			<name>Source</name>
			<text>tales from the yawning portal,  page 236</text>
		</trait>		<trait>
			<name>Water Breathing</name>
			<text>The eel can breathe only underwater.</text>
		</trait>
		<action>
			<name>Multiattack</name>
			<text>The eel makes two bite attacks.</text>
		</action>
		<action>
			<name>Bite</name>
			<text>Melee Weapon Attack: +5 to hit, reach 5 ft., one target. Hit: 10 (2d6 + 3) piercing damage plus 4 (1d8) lightning damage.</text>
			<attack>Bite|5|2d6+3+1d8</attack>
		</action>
		<action>
			<name>Lightning jolt (Recharge 5-6)</name>
			<text>One creature the eel touches within 5 feet of it outside water, or each creature within l 5 feet ofit in a body of water, must make a DC 12 Constitution saving throw. On failed save, a target takes 13 (3d8) lightning damage. If the target takes any of this damage, the target is stunned until the end of the eel's next turn. On a successful save, a target takes half as much damage and isn't stunned.</text>
		</action>
		<spells></spells>
		<slots></slots>
	</monster>
	<monster>
		<name>Giant Subterranean Lizard</name>
		<size>H</size>
		<type>beast, tales from the yawning portal</type>
		<alignment>unaligned</alignment>
		<ac>14 (natural armor)</ac>
		<hp>66 (7d12+21)</hp>
		<speed>30 ft., swim 50 ft.</speed>
		<str>21</str><dex>9</dex><con>17</con><int>2</int><wis>10</wis><cha>7</cha>
		<save></save>
		<skill>Stealth +3</skill>
		<resist></resist>
		<vulnerable></vulnerable>
		<immune></immune>
		<conditionImmune></conditionImmune>
		<senses></senses>
		<passive>10</passive>
		<languages></languages>
		<cr>4</cr>
		<trait>
			<name>Source</name>
			<text>tales from the yawning portal,  page 236</text>
		</trait>
		<action>
			<name>Multiattack</name>
			<text>The lizard makes two attacks: one with its bite and one with its tail. One attack can be replaced by Swallow.</text>
		</action>
		<action>
			<name>Bite</name>
			<text>Melee Weapon Attack: +7 to hit, reach 5 ft., one target. Hit: 16 (2d10 + 5) piercing damage, and the target is grappled (escape DC 15). Until this grapple ends, the target is restrained, and the lizard can't bite another target.</text>
			<attack>Bite|7|2d10+5</attack>
		</action>
		<action>
			<name>Tail</name>
			<text>Melee Weapon Attack: +7 to hit, reach 10 ft., one target not grappled by the lizard. Hit: 12 (2d6 + 5) bludgeoning damage. If the target is a creature, it must succeed on a DC l 5 Strength saving throw or be knocked prone.</text>
			<attack>Tail|7|2d6+5</attack>
		</action>
		<action>
			<name>Swallow</name>
			<text>Melee Weapon Attack: +7 to hit, reach 5 ft., one Medium or smaller creature the lizard is grappling. Hit: 16 (2d10 + 5) piercing damage, the target is swallowed, and the grapp le ends. The swallowed target is blinded and restrained, it has total cover against attacks and other effects outside the lizard, and it takes 10 (3d6) acid damage at the start of each of the lizard's turns. The lizard can have only one target swallowed at a time.</text>
			<text>	If the lizard dies, a swallowed creature is no longer restrained by it and can escape from the corpse using 10 feet of movement, exiting prone.</text>
			<attack>Swallow|7|2d10+5</attack>
		</action>
		<spells></spells>
		<slots></slots>
	</monster>
	<monster>
		<name>Greater Zombie</name>
		<size>M</size>
		<type>undead, tales from the yawning portal</type>
		<alignment>neutral evil</alignment>
		<ac>15 (natural armor)</ac>
		<hp>97 (13d8+39)</hp>
		<speed>30 ft.</speed>
		<str>18</str><dex>10</dex><con>17</con><int>4</int><wis>6</wis><cha>6</cha>
		<save>Wis + 1</save>
		<skill></skill>
		<resist>cold, necrotic</resist>
		<vulnerable></vulnerable>
		<immune>poison</immune>
		<conditionImmune>charmed, exhaustion, frightened, paralyzed, poisoned</conditionImmune>
		<senses>darkvision 60 ft.</senses>
		<passive>8
</passive>
		<languages>understands the languages it knew in life but can't speak</languages>
		<cr>5</cr>
		<trait>
			<name>Source</name>
			<text>tales from the yawning portal,  page 237</text>
		</trait>		<trait>
			<name>Undead Nature</name>
			<text>A zombie doesn't require air, food, drink, or sleep.</text>
		</trait>
		<trait>
			<name>Turn Resistance</name>
			<text>The zombie has advantage on saving throws against any effect that turns undead.</text>
		</trait>
		<trait>
			<name>Undead Fortitude</name>
			<text>If damage reduces the zombie to 0 hit points, it must make a Constitution saving throw with a DC of 5 + the damage taken, unless the damage is radiant or from a critical hit. On a success, the zombie drops to 1 hit point instead.</text>
		</trait>
		<action>
			<name>Multiattack</name>
			<text>The zombie makes two melee attacks.</text>
		</action>
		<action>
			<name>Empowered Slam</name>
			<text>Melee Weapon Attack: +7 to hit, reach 5 ft., one target. Hit: 7 (1d6 + 4) bludgeoning damage and 7 (2d6) necrotic damage.</text>
			<attack>Empowered Slam|7|1d6+4</attack>
		</action>
		<spells></spells>
		<slots></slots>
	</monster>
	<monster>
		<name>Kalka-Kylla</name>
		<size>L</size>
		<type>monstrosity, tales from the yawning portal</type>
		<alignment>neutral</alignment>
		<ac>15 (natural armor)</ac>
		<hp>85 (10d10+30)</hp>
		<speed>30 ft., swim 30 ft.</speed>
		<str>17</str><dex>12</dex><con>16</con><int>15</int><wis>16</wis><cha>12</cha>
		<save></save>
		<skill>Deception +3, Insight +5, Stealth +3</skill>
		<resist></resist>
		<vulnerable></vulnerable>
		<immune></immune>
		<conditionImmune></conditionImmune>
		<senses>blindsight 30 ft.</senses>
		<passive>13</passive>
		<languages>Olman</languages>
		<cr>3</cr>
		<trait>
			<name>Source</name>
			<text>tales from the yawning portal,  page 238</text>
		</trait>		<trait>
			<name>Amphibious</name>
			<text>Kalka-Kylla can breathe air and water.</text>
		</trait>
		<trait>
			<name>False Appearance</name>
			<text>While Kalka-Kylla remains motionless and hidden in its shell, it is indistinguishable from a polished boulder.</text>
		</trait>
		<trait>
			<name>Shell</name>
			<text>Kalka-Kylla can use a bonus action to retract into or emerge from its shell. While retracted, Kalka-Kylla gains a +4 bonus to AC, and it has a speed of 0 and can't benefit from bonuses to speed.</text>
		</trait>
		<action>
			<name>Multiattack</name>
			<text>Kalka-Kylla makes two claw attacks.</text>
		</action>
		<action>
			<name>Claw</name>
			<text>Melee Weapon Attack: +5 to hit, reach 5 ft., one target. Hit: 10 (2d6 + 3) bludgeoning damage, and if the target is a Medium or smaller creature, it is grappled (escape DC 13). Until this grapple ends, the target is restrained. Kalka-Kylla has two claws, each of which can grapple only one target.</text>
			<attack>Claw|5|2d6+3</attack>
		</action>
		<spells></spells>
		<slots></slots>
	</monster>
	<monster>
		<name>Kelpie</name>
		<size>M</size>
		<type>plant, tales from the yawning portal</type>
		<alignment>neutral evil</alignment>
		<ac>14 (natural armor)</ac>
		<hp>67 (9d8+27)</hp>
		<speed>10 ft., swim 30 ft.</speed>
		<str>14</str><dex>14</dex><con>16</con><int>7</int><wis>12</wis><cha>10</cha>
		<save></save>
		<skill>Perception +3, Stealth +4</skill>
		<resist>bludgeoning, fire, piercing</resist>
		<vulnerable></vulnerable>
		<immune></immune>
		<conditionImmune>blinded, deafened, exhaustion</conditionImmune>
		<senses>blindsight 60 ft.</senses>
		<passive>13</passive>
		<languages>Common, Sylvan</languages>
		<cr>4</cr>
		<trait>
			<name>Source</name>
			<text>tales from the yawning portal,  page 238</text>
		</trait>		<trait>
			<name>Amphibious</name>
			<text>The kelpie can breathe air and water.</text>
		</trait>
		<trait>
			<name>Seaweed Shape</name>
			<text>The kelpie can use its action to reshape its body into the form of a humanoid or beast that is Small, Medium, or Large. Its statistics are otherwise unchanged. The disguise is convincing, unless the kelpie is in bright light or the viewer is within 30 feet of it, in which case the seams between the seaweed strands are visible. The kelpie returns to its true form if takes a bonus action to do so or if it dies.</text>
		</trait>
		<trait>
			<name>False Appearance</name>
			<text>While the kelpie remains motionless in its true form, it is indistinguishable from normal seaweed.</text>
		</trait>
		<action>
			<name>Multiattack</name>
			<text>The kelpie makes two slam attacks.</text>
		</action>
		<action>
			<name>Slam</name>
			<text>Melee Weapon Attack: +4 to hit, reach 10 ft., one target. Hit: 11 (2d8 + 2) piercing damage. If the target is a Medium or smaller creature, it is grappled (escape DC 12).</text>
			<attack>Slam|4|2d8+2</attack>
		</action>
		<action>
			<name>Drowning Hypnosis</name>
			<text>The kelpie chooses one humanoid it can see within 150 feet of it. If the target can see the kelpie, the target must succeed on a DC 11 Wisdom saving throw or be magically charmed while the kelpie maintains concentration, up to 10 minutes (as if concentrating on a spell).</text>
			<text>	The charmed target is incapacitated, and instead of holding its breath underwater, it tries to breathe normally and immediately runs out of breath, unless it can breathe water.</text>
			<text>	If the charmed target is more than 5 feet away from the kelpie, the target must move on its turn toward the kelpie by the most direct route, trying to get within 5 feet. It doesn't avoid opportunity attacks.</text>
			<text>	Before moving into damaging terrain, such as lava or a pit, and whenever it takes damage from a source other than the kelpie or drowning, the target can repeat the saving throw. A charmed target can also repeat the saving throw at the end of each of its turns. If the saving throw is successful, the effect ends on it.</text>
			<text>	A target that successfully saves is immune to this kelpie's hypnosis for the next 24 hours.</text>
		</action>
		<spells></spells>
		<slots></slots>
	</monster>
	<monster>
		<name>Malformed Kraken</name>
		<size>H</size>
		<type>monstrosity, tales from the yawning portal</type>
		<alignment>chaotic evil</alignment>
		<ac>17 (natural armor)</ac>
		<hp>172 (15d12+75)</hp>
		<speed>20 ft., swim 40 ft.</speed>
		<str>25</str><dex>11</dex><con>20</con><int>11</int><wis>15</wis><cha>15</cha>
		<save>Str +11, Con +9, Int +4, Wis +6, Cha +6</save>
		<skill></skill>
		<resist>bludgeoning, piercing, and slashing from nonmagical attacks</resist>
		<vulnerable></vulnerable>
		<immune>lightning</immune>
		<conditionImmune>frightened, paralyzed</conditionImmune>
		<senses>truesight 60 ft.</senses>
		<passive>12</passive>
		<languages>understands Common but can't speak; telepathy 60 ft.</languages>
		<cr>10</cr>
		<trait>
			<name>Source</name>
			<text>tales from the yawning portal,  page 239</text>
		</trait>		<trait>
			<name>Amphibious</name>
			<text>The kraken can breathe air and water.</text>
		</trait>
		<trait>
			<name>Siege Monster</name>
			<text>The kraken deals double damage to objects and structures.</text>
		</trait>
		<action>
			<name>Multiattack</name>
			<text>The kraken makes three tentacle attacks. One of them can be replaced with a bite attack, and any of them can be replaced with Fling.</text>
		</action>
		<action>
			<name>Bite</name>
			<text>Melee Weapon Attack: +11 to hit, reach 5 ft., one target. Hit: 16 (2d8 + 7) piercing damage.</text>
			<attack>Bite|11|2d8+7</attack>
		</action>
		<action>
			<name>Tentacle</name>
			<text>Melee Weapon Attack: +11 to hit, reach 20 ft., one target. Hit: 14 (2d6 + 7) bludgeoning damage, and the target is grappled (escape DC 16). Until this grapple ends, the target is restrained. The kraken has ten tentacles, each of which can grapple one target.</text>
			<attack>Tentacle|11|2d6+7</attack>
		</action>
		<action>
			<name>Fling</name>
			<text>One Medium or smaller object held or creature grappled by the kraken's tentacles is thrown up to 60 feet in a random direction and knocked prone. If a thrown target strikes a solid surface, the target takes 3 (1d6) bludgeoning damage for every 10 feet it was thrown. If the target is thrown at another creature, that creature must succeed on a DC 16 Dexterity saving throw or take the same damage and be knocked prone.</text>
		</action>
		<action>
			<name>Lightning Storm</name>
			<text>The kraken creates three bolts of lightning, each of which can strike a target the kraken can see within 150 feet ofit. A target must make a DC 16 Dexterity saving throw, taking 16 (3d10) lightning damage on a failed save, or half as much damage on a successful one.</text>
		</action>
		<spells></spells>
		<slots></slots>
	</monster>
	<monster>
		<name>Nereid</name>
		<size>M</size>
		<type>fey, tales from the yawning portal</type>
		<alignment>any chaotic alignment</alignment>
		<ac>13</ac>
		<hp>44 (8d8+8)</hp>
		<speed>30 ft., swim 60 ft.</speed>
		<str>10</str><dex>17</dex><con>12</con><int>13</int><wis>14</wis><cha>16</cha>
		<save></save>
		<skill></skill>
		<resist></resist>
		<vulnerable></vulnerable>
		<immune></immune>
		<conditionImmune></conditionImmune>
		<senses>darkvision 60 ft.</senses>
		<passive>12</passive>
		<languages>Aquan, Common, Elvish, Sylvan</languages>
		<cr>2</cr>
		<trait>
			<name>Source</name>
			<text>tales from the yawning portal,  page 240</text>
		</trait>		<trait>
			<name>Amphibious</name>
			<text>The nereid can breathe air and water.</text>
		</trait>
		<trait>
			<name>Aquatic Invisibility</name>
			<text>If immersed in water, the nereid can make itself invisible as a bonus action. It remains invisible until it leaves the water, ends the invisibility as a bonus action, or dies.</text>
		</trait>
		<trait>
			<name>Mantle Dependent</name>
			<text>The nereid wears a mantle of silky cloth the color of sea foam, which holds the creature's spirit. The mantle has an AC and hit points equal to that of the nereid, but the garment can't be directly harmed while the nereid wears it. If the mantle is destroyed, the nereid becomes poisoned and dies within 1 hour. A nereid is willing to do anything in its power to recover the mantle if it is stolen, including serving the thief.</text>
		</trait>
		<trait>
			<name>Shape Water</name>
			<text>The nereid can cast control water at will, requiring no components. Its spellcasting ability for it is Charisma. This use of the spell has a range of 30 feet and can affect a cube of water no larger than 30 feet on a side.</text>
		</trait>
		<trait>
			<name>Speak with Animals</name>
			<text>The nereid can comprehend and verbally communicate with beasts.</text>
		</trait>
		<action>
			<name>Blinding Acid</name>
			<text>Melee or Ranged Spell Attack: +5 to hit, reach 5 ft. or range 30 ft., one target. Hit: 16 (2d12 + 3) acid damage, and the target is blinded until the start of the nereid's next turn.</text>
			<attack>Blinding Acid|5|2d12+3</attack>
		</action>
		<action>
			<name>Drowning Kiss (Recharge 5-6)</name>
			<text>The nereid touches one creature it can see within 5 feet of it. The target must succeed on a DC 13 Constitution saving throw or take 22 (3d12 + 3) acid damage. On a failure, it also runs out of breath and can't speak for 1 minute. At the end of each of its turns, it can repeat the save, ending the effect on itself on a success.</text>
		</action>
		<action>
			<name>Water Lash</name>
			<text>The nereid causes a 5-foot cube of water within 60 feet of it to take a shape of its choice and strike one target it can see within 5 feet of that water. The target must make a DC 13 Strength saving throw. On a failed save, it takes 17 (4d6 + 3) bludgeoning damage, and ifit is a Large or smaller creature, it is pushed up to 15 feet in a straight line or is knocked prone (nereid's choice). On a successful save, the target takes half as much damage and isn't pushed or knocked prone.</text>
		</action>
		<spells></spells>
		<slots></slots>
	</monster>
	<monster>
		<name>Ooze Master</name>
		<size>H</size>
		<type>undead, tales from the yawning portal</type>
		<alignment>lawful evil</alignment>
		<ac>9 (natural armor)</ac>
		<hp>138 (12d12+60)</hp>
		<speed>30 ft., climb 30 ft.</speed>
		<str>16</str><dex>1</dex><con>20</con><int>17</int><wis>10</wis><cha>16</cha>
		<save>Int +7, Wis +4</save>
		<skill>Arcana +7, Insight +4</skill>
		<resist>lightning, necrotic; bludgeoning, piercing, and slashing from nonmagical attacks</resist>
		<vulnerable></vulnerable>
		<immune>acid, cold, poison</immune>
		<conditionImmune>blinded, charmed, deafened, exhaustion, frightened, paralyzed, poisoned, prone</conditionImmune>
		<senses>blindsight 120 ft.</senses>
		<passive>10</passive>
		<languages>Common, Primordial, Thayan</languages>
		<cr>10</cr>
		<trait>
			<name>Source</name>
			<text>tales from the yawning portal,  page 241</text>
		</trait>		<trait>
			<name>Undead Nature</name>
			<text>The ooze master doesn't require air, food, drink, or sleep.</text>
		</trait>
		<trait>
			<name>Corrosive Form</name>
			<text>A creature that touches the Ooze Master or hits it with a melee attack while within 5 feet of it takes 9 (2d8) acid damage. Any nonmagical weapon that hits the Ooze Master corrodes. After dealing damage, the weapon takes a permanent and cumulative -1 penalty to damage rolls. If its penalty drops to -5, the weapon is destroyed. Nonmagical ammunition that hits the Ooze Master is destroyed after dealing damage.</text>
			<text>	The Ooze Master can eat through 2-inch-thick, nonmagical wood or metal in 1 round.</text>
		</trait>
		<trait>
			<name>Instinctive Attack</name>
			<text>When the Ooze Master casts a spell with a casting time of 1 action, it can make one pseudopod attack as a bonus action.</text>
		</trait>
		<trait>
			<name>Spellcasting</name>
			<text>The Ooze Master is a 9th-level spellcaster. Its spellcasting ability is Intelligence (spell save DC 15, +7 to hit with spell attacks). It has the following wizard spells prepared:</text>
			<text>	 </text>
			<text>Cantrips (at will): acid splash, friends, mage hand, poison spray </text>
			<text>	 </text>
			<text>1st level (4 slots): charm person, detect magic, magic missile, ray of sickness </text>
			<text>	 </text>
			<text>2nd level (3 slots): detect thoughts, Melf's acid arrow, suggestion </text>
			<text>	 </text>
			<text>3rd level (3 slots):fear, slow, stinking cloud </text>
			<text>	 </text>
			<text>4th level (3 slots): confusion, Evard's evard's black tentacles </text>
			<text>	 </text>
			<text>5th level (1 slot): cloudkill.</text>
		</trait>
		<trait>
			<name>Spider Climb</name>
			<text>The Ooze Master can climb difficult surfaces, including upside down on ceilings, without needing to make an ability check.</text>
		</trait>
		<action>
			<name>Pseudopod</name>
			<text>Melee Weapon Attack: +7 to hit, reach 10 ft., one target. Hit: 13 (3d6 + 3) bludgeoning damage plus 10 (3d6) acid damage.</text>
			<attack>Pseudopod|7|3d6+3+3d6</attack>
		</action>
		<reaction>
			<name>Instinctive Charm</name>
			<text>If a creature the Ooze Master can see makes an attack roll against it while within 30 feet of it, the Ooze Master can use a reaction to divert the attack if another creature is within the attack's range. The attacker must make a DC 15 Wisdom saving throw. On a failed save, the attacker targets the creature that is closest to it, not including itself or the Ooze Master. If multiple creatures are closest, the attacker chooses which one to target. On a successful save, the attacker is immune to this Instinctive Charm for 24 hours. Creatures that can't be charmed are immune to this effect.</text>
			<attack></attack>
		</reaction>
		<spells>acid splash, friends, mage hand, poison spray, charm person, detect magic, magic missile, ray of sickness, detect thoughts, Melf's acid arrow, suggestion,fear, slow, stinking cloud, confusion, Evard's black tentacles, cloudkill</spells>
		<slots>4,3,3,3,1</slots>
	</monster>
	<monster>
		<name>Sea Lion</name>
		<size>L</size>
		<type>monstrosity, tales from the yawning portal</type>
		<alignment>unaligned</alignment>
		<ac>15 (natural armor)</ac>
		<hp>90 (12d10+24)</hp>
		<speed>10 ft., swim 40 ft.</speed>
		<str>17</str><dex>15</dex><con>15</con><int>3</int><wis>12</wis><cha>8</cha>
		<save></save>
		<skill>Perception +4, Stealth +5</skill>
		<resist></resist>
		<vulnerable></vulnerable>
		<immune></immune>
		<conditionImmune></conditionImmune>
		<senses></senses>
		<passive>14</passive>
		<languages></languages>
		<cr>5</cr>
		<trait>
			<name>Source</name>
			<text>tales from the yawning portal,  page 242</text>
		</trait>
        <trait>
			<name>Amphibious</name>
			<text>The sea lion can breathe air and water.</text>
		</trait>
		<trait>
			<name>Keen Smell</name>
			<text>The sea lion has advantage on Wisdom (Perception) checks that rely on smell.</text>
		</trait>
		<trait>
			<name>Pack Tactics</name>
			<text>The sea lion has advantage on an attack roll against a creature if at least one of the sea lion's allies is within 5 feet of the creature and the ally isn't incapacitated.</text>
		</trait>
		<trait>
			<name>Swimming Leap</name>
			<text>With a 10-foot swimming start, the sea lion can long jump out of or across the water up to 25 feet.</text>
		</trait>
		<action>
			<name>Multiattack</name>
			<text>The sea lion makes three attacks: one bite attack and two claw attacks.</text>
		</action>
		<action>
			<name>Bite</name>
			<text>Melee Weapon Attack: +6 to hit, reach 5 ft., one target. Hit: 12 (2d8 + 3) piercing damage.</text>
			<attack>Bite|6|2d8+3</attack>
		</action>
		<action>
			<name>Claw</name>
			<text>Melee Weapon Attack: +6 to hit, reach 5 ft., one target. Hit: 12 (2d8 + 3) piercing damage</text>
			<attack>Claw|6|2d8+3</attack>
		</action>
		<spells></spells>
		<slots></slots>
	</monster>
	<monster>
		<name>Sharwyn Hucrele</name>
		<size>M</size>
		<type>humanoid (human), tales from the yawning portal</type>
		<alignment>neutral evil</alignment>
		<ac>16 (Barkskin trait)</ac>
		<hp>13 (2d8+4)</hp>
		<speed>30 ft.</speed>
		<str>11</str><dex>13</dex><con>14</con><int>16</int><wis>14</wis><cha>9</cha>
		<save></save>
		<skill>Arcana +5, Insight +4, Persuasion + 1</skill>
		<resist></resist>
		<vulnerable></vulnerable>
		<immune></immune>
		<conditionImmune></conditionImmune>
		<senses></senses>
		<passive>12</passive>
		<languages>Common, Draconic, Goblin</languages>
		<cr>1/2</cr>
		<trait>
			<name>Source</name>
			<text>tales from the yawning portal,  page 242</text>
		</trait>
        <trait>
			<name>Barkskin</name>
			<text>Sharwyn's AC can't be lower than 16.</text>
		</trait>
		<trait>
			<name>Special Equipment</name>
			<text>Sharwyn has a spell book that contains the spells listed in her Spellcasting trait, plus detect magic and silent image.</text>
		</trait>
		<trait>
			<name>Spellcasting</name>
			<text>Sharwyn is a 1st-level spellcaster. Her spellcasting ability is Intelligence (spell save DC 13, +5 to hit with spell attacks). She has the following wizard spells prepared:</text>
			<text>	 </text>
			<text>Cantrips (at will): light, prestidigitation, ray of frost </text>
			<text>	 </text>
			<text>1st level (2 slots): color spray, magic missile, shield, sleep.</text>
		</trait>
		<trait>
			<name>Tree Thrall</name>
			<text>If the Gulthias Tree dies, Sharwyn dies 24 hours later.</text>
		</trait>
		<action>
			<name>Dagger</name>
			<text>Melee Weapon Attack: +4 to hit, reach 5 ft., one target. Hit: 4 (1d4 + 2) piercing damage.</text>
			<attack>Dagger|4|1d4+2</attack>
		</action>
		<spells>light, prestidigitation, ray of frost, color spray, magic missile, shield, sleep</spells>
		<slots>2</slots>
	</monster>
	<monster>
		<name>Sir Braford</name>
		<size>M</size>
		<type>humanoid (human), tales from the yawning portal</type>
		<alignment>neutral evil</alignment>
		<ac>18 (chain mail, shield)</ac>
		<hp>19 (3d8+6)</hp>
		<speed>30 ft.</speed>
		<str>16</str><dex>9</dex><con>14</con><int>10</int><wis>13</wis><cha>14</cha>
		<save></save>
		<skill>Athletics +S, Perception +3</skill>
		<resist></resist>
		<vulnerable></vulnerable>
		<immune></immune>
		<conditionImmune></conditionImmune>
		<senses></senses>
		<passive>13</passive>
		<languages>Common</languages>
		<cr>1/2</cr>
		<trait>
			<name>Source</name>
			<text>tales from the yawning portal,  page 243</text>
		</trait>		<trait>
			<name>Barkskin</name>
			<text>Sir Braford's AC can't be lower than 16.</text>
		</trait>
		<trait>
			<name>Special Equipment</name>
			<text>Sir Braford wields Shatterspike, a magic longsword that grants a + 1 bonus to attack and damage rolls made with it (included in his attack). See appendix B for the item's other properties.</text>
		</trait>
		<trait>
			<name>Tree Thrall</name>
			<text>If the Gulthias Tree dies, Sir Braford dies 24 hours later.</text>
		</trait>
		<action>
			<name>Longsword</name>
			<text>Melee Weapon Attack: +6 to hit, reach 5 ft., one target. Hit: 8 (1d8 + 4) slashing damage, or 9 (1dlO + 4) slashing damage if used with two hands.</text>
			<attack>Longsword|6|1d8+4</attack>
			<attack>Two Handed|6|1d10+4</attack>
		</action>
		<reaction>
			<name>Protection</name>
			<text>When a creature Sir Braford can see attacks a target other than him that is within 5 feet of him, he can use a reaction to use his shield to impose disadvantage on the attack roll.</text>
			<attack></attack>
		</reaction>
		<spells></spells>
		<slots></slots>
	</monster>
	<monster>
		<name>Siren</name>
		<size>M</size>
		<type>fey, tales from the yawning portal</type>
		<alignment>chaotic good</alignment>
		<ac>14</ac>
		<hp>38 (7d8+7)</hp>
		<speed>30 ft., swim 30 ft.</speed>
		<str>10</str><dex>18</dex><con>12</con><int>13</int><wis>14</wis><cha>16</cha>
		<save></save>
		<skill>Medicine +4, Nature +3, Stealth +6, Survival +4</skill>
		<resist></resist>
		<vulnerable></vulnerable>
		<immune></immune>
		<conditionImmune></conditionImmune>
		<senses>darkvision 60 ft.</senses>
		<passive>12</passive>
		<languages>Common, Elvish, Sylvan</languages>
		<cr>3</cr>
		<trait>
			<name>Source</name>
			<text>tales from the yawning portal,  page 243</text>
		</trait>		<trait>
			<name>Amphibious</name>
			<text>Siren can breathe air and water.</text>
		</trait>
		<trait>
			<name>Innate Spellcasting</name>
			<text>Siren's innate spellcasting ability is Charisma (spell save DC 13). She can innately cast the following spells, requiring no material components:</text>
			<text>	 </text>
			<text>1/day each: charm person, fog cloud, greater invisibility, polymorph (self only).</text>
		</trait>
		<trait>
			<name>Magic Resistance</name>
			<text>Siren has advantage on saving throws against spells and other magical effects.</text>
		</trait>
		<action>
			<name>Shortsword</name>
			<text>Melee Weapon Attack: +6 to hit, reach 5 ft., one target. Hit: 7 (1d6 + 4) piercing damage.</text>
			<attack>Shortsword|6|1d6+4</attack>
		</action>
		<action>
			<name>Stupefying Touch</name>
			<text>Siren touches one creature she can see within 5 feet of her. The creature must succeed on a DC 13 Intelligence saving throw or take 13 (3d6 + 3) psychic damage and be stunned until the start of Siren's next turn.</text>
		</action>
		<spells>charm person, fog cloud, greater invisibility, polymorph</spells>
		<slots></slots>
	</monster>
	<monster>
		<name>Tarul Var</name>
		<size>M</size>
		<type>undead, tales from the yawning portal</type>
		<alignment>neutral evil</alignment>
		<ac>16 (natural armor)</ac>
		<hp>105 (14d8+42)</hp>
		<speed>30 ft.</speed>
		<str>11</str><dex>16</dex><con>16</con><int>19</int><wis>14</wis><cha>16</cha>
		<save>Con +8, Int +9, Wis +7</save>
		<skill>Arcana +9, History +9, Insight +7, Perception +7</skill>
		<resist>cold, lightning, necrotic; bludgeoning, piercing, and slashing from nonmagical attacks</resist>
		<vulnerable></vulnerable>
		<immune>poison</immune>
		<conditionImmune>charmed, exhaustion, frightened, paralyzed, poisoned</conditionImmune>
		<senses>darkvision 60 ft.</senses>
		<passive>17</passive>
		<languages>Abyssal, Common, Infernal, Primordial, Thayan</languages>
		<cr>13</cr>
		<trait>
			<name>Source</name>
			<text>tales from the yawning portal,  page 244</text>
		</trait>		<trait>
			<name>Undead Nature</name>
			<text>A lich doesn't require air, food, drink, or sleep.</text>
		</trait>
		<trait>
			<name>Focused Conjuration</name>
			<text>While Var is concentrating on a conjuration spell, his concentration can't be broken as a result of taking damage.</text>
		</trait>
		<trait>
			<name>Legendary Resistance (3/Day)</name>
			<text>If Var fails a saving throw, he can choose to succeed instead .</text>
		</trait>
		<trait>
			<name>Rejuvenation</name>
			<text>If Var is destroyed but his phylactery remains intact, Var gains a new body in ldlO days, regaining all his hit points and becoming active again. The new body appears within 5 feet of the phylactery.</text>
		</trait>
		<trait>
			<name>Spellcasting</name>
			<text>Var is a 12th-level spellcaster. His spellcasting ability is Intelligence (spell save DC 17, +9 to hit with spell attacks). He has the following wizard spells prepared:</text>
			<text>	 </text>
			<text>Cantrips (at will):.fire bolt, mage hand, minor illusion, prestidigitation, ray of frost </text>
			<text>	 </text>
			<text>1st level (4 slots): detect magic, magic missile, shield, unseen servant*</text>
			<text>	 </text>
			<text>2nd level (3 slots): detect thoughts, flaming sphere,* mirror image, scorching ray </text>
			<text>	 </text>
			<text>3rd level (3 slots): counterspell, dispel magic, fireball</text>
			<text>	 </text>
			<text>4th level (3 slots): dimension door,* Evard's black tentacles*</text>
			<text>	 </text>
			<text>5th level (3 slots): cloudkill,* scrying </text>
			<text>	 </text>
			<text>6th level (1 slot): circle of death </text>
			<text>*Conjuration spell of 1st level or higher.</text>
		</trait>
		<trait>
			<name>Turn Resistance</name>
			<text>Var has advantage on saving throws against any effect that turns undead .</text>
		</trait>
		<action>
			<name>Paralyzing Touch</name>
			<text>Melee Spell Attack: +9 to hit, reach 5 ft., one creature. Hit: 10 (3d6) cold damage. The target must succeed on a DC 17 Constitution saving throw or be paralyzed for 1 minute. The target can repeat the saving throw at the end of each of its turns, ending the effect on itself on a success.</text>
			<attack>Paralyzing Touch|9|3d6</attack>
		</action>
		<action>
			<name>Benign Transposition</name>
			<text>Var teleports up to 30 feet to an unoccupied space he can see. Alternatively, he can choose a space within range that is occupied by a Small or Medium creature. If that creature is willing, both creatures teleport, swapping places. Var can use this feature again only after he finishes a long rest or casts a conjuration spell of 1st level or higher.</text>
		</action>
		<legendary>
			<name>Legendary Actions (3/Turn)</name>
			<text>Var can take 3 legendary actions, choosing from the options below. Only one legendary action option can be used at a time and only at the end of another creature's turn. Var regains spent legendary actions at the start of his turn.</text>
		</legendary>
		<legendary>
			<name>Cantrip</name>
			<text>Var casts a cantrip.</text>
		</legendary>
		<legendary>
			<name>Paralyzing Touch (Costs 2 Actions)</name>
			<text>Var uses Paralyzing Touch .</text>
		</legendary>
		<legendary>
			<name>Frightening Gaze (Costs 2 Actions)</name>
			<text>Var fixes his gaze on one creature he can see within 10 feet of him . The target must succeed on a DC 17 Wisdom saving throw against this magic or become frightened for 1 minute. The frightened target can repeat the saving throw at the end of each of its turns, ending the effect on itself on a success. If a target's saving throw is successful or the effect ends for it, the target is immune to Var's gaze for the next 24 hours.</text>
		</legendary>
		<spells>fire bolt, mage hand, minor illusion, prestidigitation, ray of frost, detect magic, magic missile, shield, unseen servant, detect thoughts, flaming sphere, mirror image, scorching ray, counterspell, dispel magic, fireball, dimension door, Evard's black tentacles, cloudkill, scrying, circle of death</spells>
		<slots>4,3,3,3,3,1</slots>
	</monster>
	<monster>
		<name>Thayan Warrior</name>
		<size>M</size>
		<type>humanoid (human), tales from the yawning portal</type>
		<alignment>any non-good alignment</alignment>
		<ac>16 (chain shirt, shield)</ac>
		<hp>52 (8d8+16)</hp>
		<speed>30 ft.</speed>
		<str>16</str><dex>13</dex><con>14</con><int>10</int><wis>11</wis><cha>11</cha>
		<save></save>
		<skill>Perception +2</skill>
		<resist></resist>
		<vulnerable></vulnerable>
		<immune></immune>
		<conditionImmune></conditionImmune>
		<senses></senses>
		<passive>12</passive>
		<languages>Common, Thayan</languages>
		<cr>2</cr>
		<trait>
			<name>Source</name>
			<text>tales from the yawning portal,  page 246</text>
		</trait>
        <trait>
			<name>Doomvault Devotion</name>
			<text>Within the Doomvault, the warrior has advantage on saving throws against being charmed or frightened .</text>
		</trait>
		<trait>
			<name>Pack Tactics</name>
			<text>The warrior has advantage on an attack roll against a creature if at least one of the warrior's allies is within 5 feet of the creature and the ally isn't incapacitated.</text>
		</trait>
		<action>
			<name>Multiattack</name>
			<text>The warrior makes two melee attacks.</text>
		</action>
		<action>
			<name>Longsword</name>
			<text>Melee Weapon Attack: +5 to hit, reach 5 ft., one target. Hit: 7 (1d8 + 3) slashing damage, or 8 (1dlO + 3) slashing damage if used with two hands.</text>
			<attack>Longsword|5|1d8+3</attack>
			<attack>Two Handed|5|1d10+3</attack>
		</action>
		<action>
			<name>Javelin</name>
			<text>Melee or Ranged Weapon Attack: +5 to hit, reach 5 ft. or range 30/120 ft., one target. Hit: 6 (1d6 + 3) piercing damage.</text>
			<attack>Javelin|5|1d6+3</attack>
		</action>
		<spells></spells>
		<slots></slots>
	</monster>
	<monster>
		<name>Thorn Slinger</name>
		<size>L</size>
		<type>plant, tales from the yawning portal</type>
		<alignment>unaligned</alignment>
		<ac>11</ac>
		<hp>32 (5d10+5)</hp>
		<speed>10 ft.</speed>
		<str>13</str><dex>12</dex><con>12</con><int>1</int><wis>10</wis><cha>1</cha>
		<save></save>
		<skill></skill>
		<resist></resist>
		<vulnerable></vulnerable>
		<immune></immune>
		<conditionImmune>blinded, deafened, frightened</conditionImmune>
		<senses>blindsight 60 ft. (blind beyond this radius)</senses>
		<passive>10</passive>
		<languages></languages>
		<cr>1/2</cr>
		<trait>
			<name>Source</name>
			<text>tales from the yawning portal,  page 246</text>
		</trait>		<trait>
			<name>Adhesive Blossoms</name>
			<text>The thorn slinger adheres to anything that touches it. A Medium or smaller creature adhered to the thorn slinger is also grappled by it (escape DC 11). Ability checks made to escape this grapple have disadvantage.</text>
			<text>	At the end of each of the thorn slinger's turns, anything grappled by it takes 3 (1d6) acid damage.</text>
		</trait>
		<trait>
			<name>False Appearance</name>
			<text>While the thorn slinger remains motionless, it is indistinguishable from an inanimate bush.</text>
		</trait>
		<action>
			<name>Thorns</name>
			<text>Melee or Ranged Weapon Attack: +3 to hit, reach 5 ft. or range 30 ft., one target. Hit: 8 (2d6 + 1) piercing damage.</text>
			<attack>Thorns|3|2d6+1</attack>
		</action>
		<spells></spells>
		<slots></slots>
	</monster>
	<monster>
		<name>Vampiric Mist</name>
		<size>M</size>
		<type>undead, tales from the yawning portal</type>
		<alignment>chaotic evil</alignment>
		<ac>13</ac>
		<hp>45 (6d8+18)</hp>
		<speed>0 ft., fly 30 ft. (hover)</speed>
		<str>6</str><dex>16</dex><con>16</con><int>6</int><wis>12</wis><cha>7</cha>
		<save>Wis +3</save>
		<skill></skill>
		<resist>acid, cold, lightning, necrotic, thunder; bludgeoning, piercing, and slashing from nonmagical attacks</resist>
		<vulnerable></vulnerable>
		<immune>poison</immune>
		<conditionImmune>charmed, exhaustion, grappled, paralyzed, petrified, poisoned, prone, restrained</conditionImmune>
		<senses>darkvision 60 ft.</senses>
		<passive>11</passive>
		<languages></languages>
		<cr>3</cr>
		<trait>
			<name>Source</name>
			<text>tales from the yawning portal,  page 247</text>
		</trait>		<trait>
			<name>Undead Nature</name>
			<text>A vampiric mist doesn't require air or sleep.</text>
		</trait>
		<trait>
			<name>Blood Sense</name>
			<text>The vampiric mist can sense living creatures that have blood or similar vital fluids in a radius of 60 feet .</text>
		</trait>
		<trait>
			<name>Forbiddance</name>
			<text>The vampiric mist can 't enter a residence without an invitation from one of the occupants.</text>
		</trait>
		<trait>
			<name>Misty Form</name>
			<text>The vampiric mist can occupy another creature's space and vice versa. In addition, if air can pass through a space, the mist can pass through it without squeezing. Each foot of movement in water costs it 2 extra feet, rather than l extra foot. The mist can 't manipulate objects in any way that requires hands; it can apply simple force only.</text>
		</trait>
		<trait>
			<name>Sunlight Hypersensitivity</name>
			<text>The vampiric mist takes 20 radiant damage when it starts its turn in sunlight. While in sunlight, the mist has disadvantage on attack rolls and ability checks.</text>
		</trait>
		<action>
			<name>Blood Drain</name>
			<text>One creature in the vampiric mist's space must make a DC 13 Constitution saving throw (undead and constructs automatically succeed). On a failed save, the target takes 10 (2d6 + 3) necrotic damage, its hit point maximum is reduced by an amount equal to the necrotic damage taken, and the mist regains hit points equal to that amount.</text>
			<text>	This reduction to the target's hit point maximum lasts until the target finishes a long rest. It dies if this effect reduces its hit point maximum to 0.</text>
		</action>
		<spells></spells>
		<slots></slots>
	</monster>
	<monster>
		<name>White Maw</name>
		<size>G</size>
		<type>ooze, tales from the yawning portal</type>
		<alignment>chaotic neutral</alignment>
		<ac>5
</ac>
		<hp>217 (14d20+70)</hp>
		<speed>10 ft.</speed>
		<str>18</str><dex>1</dex><con>20</con><int>12</int><wis>10</wis><cha>3</cha>
		<save></save>
		<skill></skill>
		<resist>acid, cold, fire</resist>
		<vulnerable></vulnerable>
		<immune>poison</immune>
		<conditionImmune>blinded, charmed, deafened, exhaustion, frightened, poisoned, prone</conditionImmune>
		<senses>blindsight 60 ft. (blind beyond this radius)</senses>
		<passive>10</passive>
		<languages>telepathy 50 ft.</languages>
		<cr>10</cr>
		<trait>
			<name>Source</name>
			<text>tales from the yawning portal,  page 248</text>
		</trait>
        <trait>
			<name>Ooze Nature</name>
			<text>White Maw doesn't require sleep.</text>
		</trait>
		<trait>
			<name>Amorphous Form</name>
			<text>White Maw can occupy another creature's space and vice versa.</text>
		</trait>
		<trait>
			<name>Corrode Metal</name>
			<text>Any nonmagical weapon made of metal that hits White Maw corrodes. After dealing damage, the weapon takes a permanent and cumulative -1 penalty to damage rolls. If its penalty drops to -5, the weapon is destroyed. Nonmagical ammunition made of metal that hits White Maw is destroyed after dealing damage.</text>
			<text>	White Maw can eat through 2-inch-thick, nonmagical metal in 1 round.</text>
		</trait>
		<trait>
			<name>False Appearance</name>
			<text>While White Maw remains motionless, it is indistinguishable from white stone.</text>
		</trait>
		<trait>
			<name>Killer Response</name>
			<text>Any creature that starts its turn in White Maw's space is targeted by a pseudopod attack if White Maw isn't incapacitated.</text>
		</trait>
		<action>
			<name>Pseudopod</name>
			<text>Melee Weapon Attack: +8 to hit, reach 10 ft., one target. Hit: 22 (4d8 + 4) bludgeoning damage plus 9 (2d8) acid damage. If the target is wearing nonmagical metal armor, its armor is partly corroded and takes a permanent and cumulative -1 penalty to the AC it offers. The armor is destroyed if the penalty reduces its AC to 10.</text>
			<attack>Pseudopod|8|4d8+4+2d8</attack>
		</action>
		<spells></spells>
		<slots></slots>
	</monster>
	<monster>
		<name>Yusdrayl</name>
		<size>S</size>
		<type>humanoid (kobold), tales from the yawning portal</type>
		<alignment>lawful evil</alignment>
		<ac>12 (15 with mage armor)</ac>
		<hp>16 (3d6+6)</hp>
		<speed>30 ft.</speed>
		<str>8</str><dex>15</dex><con>14</con><int>10</int><wis>10</wis><cha>16</cha>
		<save></save>
		<skill>Arcana +2, Insight +2, Stealth +4</skill>
		<resist></resist>
		<vulnerable></vulnerable>
		<immune></immune>
		<conditionImmune></conditionImmune>
		<senses>darkvision 60 ft.</senses>
		<passive>10</passive>
		<languages>Common, Draconic</languages>
		<cr>1</cr>
		<trait>
			<name>Source</name>
			<text>tales from the yawning portal,  page 248</text>
		</trait>
        <trait>
			<name>Spellcasting</name>
			<text>Yusdrayl is a 2nd-level spellcaster. Her spellcasting ability is Charisma (spell save DC 13, +5 to hit with spell attacks). She knows the following sorcerer spells:</text>
			<text>	 </text>
			<text>Cantrips (at will): mage hand, prestidigitation, ray of frost, shocking grasp </text>
			<text>	 </text>
			<text>1st level (4 slots): burning hands, chromatic orb, mage armor</text>
		</trait>
		<trait>
			<name>Sunlight Sensitivity</name>
			<text>While in sunlight, Yusdrayl has disadvantage on attack rolls, as well as on Wisdom (Perception) checks that rely on sight.</text>
		</trait>
		<trait>
			<name>Pack Tactics</name>
			<text>Yusdrayl has advantage on an attack roll against a creature if at least one of her allies is within 5 feet of the creature and the ally isn't incapacitated.</text>
		</trait>
		<action>
			<name>Dagger</name>
			<text>Melee Weapon Attack: +4 to hit, reach 5 ft., one target. Hit: 4 (1d4 + 2) piercing damage.</text>
			<attack>Dagger|4|1d4+2</attack>
		</action>
		<spells>mage hand, prestidigitation, ray of frost, shocking grasp, burning hands, chromatic orb, mage armor</spells>
		<slots>4</slots>
	</monster>
    </compendium>
