<?xml version="1.0" encoding="UTF-8"?>
<compendium version="5">
<!--The Rise of Tiamat-->
	<monster>
		<name>Dragonfang</name>
		<size>M</size>
		<type>humanoid (human), tyranny of dragons</type>
		<alignment>neutral evil</alignment>
		<ac>15 (studded leather)</ac>
		<hp>78 (12d8+24)</hp>
		<speed>30 ft.</speed>
		<str>11</str>
		<dex>16</dex>
		<con>14</con>
		<int>12</int>
		<wis>12</wis>
		<cha>14</cha>
		<save>Wis +3</save>
		<skill>Deception +4, Stealth +5</skill>
		<resist>one of the following: acid, cold, fire, lightning or poison</resist>
		<passive>11</passive>
		<languages>Common, Draconic, Infernal</languages>
		<cr>5</cr>
		<trait>
			<name>Dragon Fanatic</name>
			<text>The dragonfang has advantage on saving throws against being charmed or frightened. While the dragonfang can see a dragon or higher-ranking Cult of the Dragon cultist friendly to it, the dragonfang ignores the effects of being charmed or frightened.</text>
		</trait>
		<trait>
			<name>Fanatic Advantage</name>
			<text>Once per turn, if the dragonfang makes a weapon attack with advantage on the attack roll and hits, the target takes an extra 10 (3d6) damage.</text>
			<attack>Fanatic Advantage||3d6</attack>
		</trait>
		<trait>
			<name>Limited Flight</name>
			<text>The dragonfang can use a bonus action to gain a flying speed of 30 feet until the end of its turn.</text>
		</trait>
		<action>
			<name>Multiattack</name>
			<text>The Dragonfang attacks twice with its shortsword.</text>
		</action>
		<action>
			<name>Shortsword</name>
			<text>Melee Weapon Attack: +5 to hit, reach 5 ft., one target. Hit: 6 (1d6 + 3) piercing damage plus 7 (2d6) damage of the type to which the dragonfang has resistance.</text>
			<attack>Shortsword|5|1d6+3+2d6</attack>
		</action>
		<action>
			<name>Orb of Dragon's Breath (2/Day)</name>
			<text>Ranged Spell Attack: +5 to hit, range 50 ft., one target. Hit: 22 (5d8) damage of the type to which the dragonfang has damage resistance.</text>
			<attack>Orb of Dragon's Breath|5|5d8</attack>
		</action>
	</monster>
	<monster>
		<name>Dragonsoul</name>
		<size>M</size>
		<type>humanoid (human), tyranny of dragons</type>
		<alignment>neutral evil</alignment>
		<ac>16 (studded leather)</ac>
		<hp>110 (17d8+34)</hp>
		<speed>30 ft.</speed>
		<str>11</str>
		<dex>18</dex>
		<con>14</con>
		<int>13</int>
		<wis>12</wis>
		<cha>16</cha>
		<save>Wis +4</save>
		<skill>Deception +6, Stealth +7</skill>
		<resist>one of the following: acid, cold, fire, lightning or poison</resist>
		<passive>11</passive>
		<languages>Common, Draconic, Infernal</languages>
		<cr>7</cr>
		<trait>
			<name>Dragon Fanatic</name>
			<text>The dragonsoul has advantage on saving throws against being charmed or frightened. While the dragonsoul can see a dragon or higher-ranking Cult of the Dragon cultist friendly to it, the dragonsoul ignores the effects of being charmed or frightened.</text>
		</trait>
		<trait>
			<name>Fanatic Advantage</name>
			<text>Once per turn, if the dragonsoul makes a weapon attack with advantage on the attack roll and hits, the target takes an extra 10 (3d6) damage.</text>
			<attack>Fanatic Advantage||3d6</attack>
		</trait>
		<trait>
			<name>Limited Flight</name>
			<text>The dragonsoul can use a bonus action to gain a flying speed of 30 feet until the end of its turn.</text>
		</trait>
		<trait>
			<name>Pack Tactics</name>
			<text>The dragonsoul has advantage on an attack roll against a creature if at least one of the dragonclaw's allies is within 5 feet of the creature and the ally isn't incapacitated.</text>
		</trait>
		<action>
			<name>Multiattack</name>
			<text>The Dragonsoul attacks twice with its shortsword.</text>
		</action>
		<action>
			<name>Shortsword</name>
			<text>Melee Weapon Attack: +5 to hit, reach 5 ft., one target. Hit: 6 (1d6 + 3) piercing damage plus 10 (3d6) damage of the type to which the dragonsoul has resistance.</text>
			<attack>Shortsword|5|1d6+3+3d6</attack>
		</action>
		<action>
			<name>Orb of Dragon's Breath (3/Day)</name>
			<text>Ranged Spell Attack: +7 to hit, range 90 ft., one target. Hit: 27 (6d8) damage of the type to which the dragonsoul has damage resistance.</text>
			<attack>Orb of Dragon's Breath|7|6d8</attack>
		</action>
	</monster>
	<monster>
		<name>Ice Toad</name>
		<size>M</size>
		<type>monstrosity, tyranny of dragons</type>
		<alignment>neutral</alignment>
		<ac>12 (natural armor)</ac>
		<hp>32 (5d8+10)</hp>
		<speed>30 ft., swim 30 ft.</speed>
		<str>13</str>
		<dex>10</dex>
		<con>14</con>
		<int>8</int>
		<wis>10</wis>
		<cha>6</cha>
		<skill>Perception +2</skill>
		<immune>cold</immune>
		<senses>darkvision 60 ft.</senses>
		<passive>12</passive>
		<languages>Ice Toad</languages>
		<cr>1</cr>
		<trait>
			<name>Amphibious</name>
			<text>The toad can breathe air or water.</text>
		</trait>
		<trait>
			<name>Cold Aura</name>
			<text>Any creature that starts its turn within 5 feet of the toad takes 3 (1d6) cold damage.</text>
			<attack>Cold Aura||1d6</attack>
		</trait>
		<trait>
			<name>Standing Leap</name>
			<text>The toad's long jump is up to 20 feet and its high jump is up to 10 feet, with or without a running start.</text>
		</trait>
		<action>
			<name>Bite</name>
			<text>Melee Weapon Attack: +3 to hit, reach 5 ft., one target. Hit: 4 (1d8) cold damage. If the target is a Medium or smaller creature it is grappled (escape DC 11). Until this grapple ends, the toad can't bite another target.</text>
			<attack>Bite|3|1d8</attack>
		</action>
	</monster>
	<monster>
		<name>Naergoth Bladelord</name>
		<size>M</size>
		<type>undead, tyranny of dragons</type>
		<alignment>neutral evil</alignment>
		<ac>18 (plate)</ac>
		<hp>135 (18d8+54)</hp>
		<speed>30 ft.</speed>
		<str>20</str>
		<dex>12</dex>
		<con>16</con>
		<int>12</int>
		<wis>14</wis>
		<cha>16</cha>
		<save>Dex +5, Wis +4</save>
		<skill>Perception +6, Stealth +5</skill>
		<resist>necrotic; bludgeoning, piercing, and slashing from nonmagical weapons that aren't silvered</resist>
		<immune>poison</immune>
		<conditionImmune>exhaustion, poisoned</conditionImmune>
		<senses>darkvision 60 ft.</senses>
		<passive>16</passive>
		<languages>Common, Draconic</languages>
		<cr>11</cr>
		<trait>
			<name>Sunlight Sensitivity</name>
			<text>While in sunlight, Naergoth has disadvantage on attack rolls, as well as on Wisdom (Perception) checks that rely on sight.</text>
		</trait>
		<action>
			<name>Multiattack</name>
			<text>Naergoth makes three attacks, either with his longsword or longbow. He can use Life Drain in place of one longsword attack.</text>
		</action>
		<action>
			<name>Life Drain</name>
			<text>Melee Weapon Attack: +9 to hit, reach 5 ft., one target. Hit: 20 (5d6 + 3) necrotic damage. The target must succeed on a DC 15 Constitution saving throw or its hit point maximum is reduced by an amount equal to the damage taken. This reduction lasts until the target finishes a long rest. The target dies if this effect reduces its hit point maximum to 0.</text>
			<attack>Life Drain|9|5d6+3</attack>
		</action>
		<action>
			<name>Longsword</name>
			<text>Melee Weapon Attack: +9 to hit, reach 5 ft., one target. Hit: 9 (1d8 + 5) slashing damage, or 10 (1d10 + 5) if used with two hands, plus 10 (3d6) necrotic damage.</text>
			<attack>One Handed|9|1d8+5+3d6</attack>
			<attack>Two Handed|9|1d10+5+3d6</attack>
		</action>
		<action>
			<name>Longbow</name>
			<text>Ranged Weapon Attack: +5 to hit, range 150/600 ft., one target. Hit: 5 (1d8 + 1) piercing damage plus 10 (3d6) necrotic damage.</text>
			<attack>Longbow|5|1d8+1+3d6</attack>
		</action>
	</monster>
	<monster>
		<name>Neronvain</name>
		<size>M</size>
		<type>humanoid (elf), tyranny of dragons</type>
		<alignment>neutral evil</alignment>
		<ac>17</ac>
		<hp>117 (18d8+36)</hp>
		<speed>30 ft.</speed>
		<str>8</str>
		<dex>17</dex>
		<con>15</con>
		<int>16</int>
		<wis>13</wis>
		<cha>18</cha>
		<save>Con +6, Wis +5</save>
		<skill>Arcana +7, Perception +5</skill>
		<immune>poison</immune>
		<conditionImmune>charmed, frightened, poisoned</conditionImmune>
		<senses>darkvision 60 ft.</senses>
		<passive>15</passive>
		<languages>Common, Draconic, Elvish, Infernal</languages>
		<cr>9</cr>
		<trait>
			<name>Draconic Majesty</name>
			<text>Neronvain adds his Charisma bonus to his AC (included).</text>
		</trait>
		<action>
			<name>Fey Ancestry</name>
			<text>Magic can't put Neronvain to sleep.</text>
		</action>
		<action>
			<name>Multiattack</name>
			<text>Neronvain makes two attacks, either with his shortsword or Eldritch Arrow.</text>
		</action>
		<action>
			<name>Shortsword</name>
			<text>Melee Weapon Attack: +7 to hit, reach 5 ft., one target. Hit: 6 (1d6 + 3) piercing damage plus 13 (3d8) poison damage.</text>
			<attack>Shortsword|7|1d6+3+3d8</attack>
		</action>
		<action>
			<name>Eldritch Arrow</name>
			<text>Ranged Spell Attack: +7 to hit, range 120 ft., one target. Hit: 11 (2d10) force damage plus 9 (2d8) poison damage.</text>
			<attack>Eldritch Arrow|7|2d10+2d8</attack>
		</action>
		<action>
			<name>Poisonous Cloud (2/Day)</name>
			<text>Poison gas fills a 20-foot-radius sphere centered on a point Neronvain can see within 50 feet of him. The gas spreads around corners and remains until the start of Neronvain's next turn. Each creature that starts its turn in the gas must succeed on a DC 16 Constitution saving throw or be poisoned for 1 minute. A creature can repeat the saving throw at the end of each of its turns, ending the effect on itself on a success. 			</text>
		</action>
	</monster>
	<monster>
		<name>Severin</name>
		<size>M</size>
		<type>humanoid (human), tyranny of dragons</type>
		<alignment>neutral evil</alignment>
		<ac>16</ac>
		<hp>150 (20d8+60)</hp>
		<speed>30 ft.</speed>
		<str>10</str>
		<dex>13</dex>
		<con>16</con>
		<int>17</int>
		<wis>12</wis>
		<cha>20</cha>
		<save>Dex +5, Wis +5</save>
		<skill>Arcana +7, Religion +7</skill>
		<resist>While wearing the mask of the Dragon Queen: acid, cold, lightning, poison; bludgeoning, piercing, and slashing damage from nonmagical weapons</resist>
		<immune>While wearing the mask of the Dragon Queen: fire</immune>
		<conditionImmune>While wearing the mask of the Dragon Queen: charmed, frightened, poisoned</conditionImmune>
		<senses>While wearing the Mask of the Dragon Queen: darkvision 60 ft.</senses>
		<passive>11</passive>
		<languages>Common, Draconic, Infernal</languages>
		<cr>11</cr>
		<trait>
			<name>Special Equipment</name>
			<text>Severin has the Mask of the Dragon Queen.</text>
		</trait>
		<trait>
			<name>Draconic Majesty</name>
			<text>Severin adds his Charisma bonus to his AC (included).</text>
		</trait>
		<trait>
			<name>Ignite Enemy</name>
			<text>If Severin deals fire damage to a creature while wearing the Mask of the Dragon Queen, the target catches fire. At the start of each of its turns, the burning target takes 5 (1d10) fire damage. A creature within reach of the fire can use an action to extinguish it.</text>
			<attack>Ignite Enemy||1d10</attack>
		</trait>
		<trait>
			<name>Legendary Resistance (5/Day)</name>
			<text>While wearing the Mask of the Dragon Queen, if Severin fails a saving throw, he can choose to succeed instead.</text>
		</trait>
		<action>
			<name>Burning Touch</name>
			<text>Melee Spell Attack: +5 to hit, reach 5 ft., one target. Hit: 18 (4d8) fire damage.</text>
			<attack>Burning Touch|5|4d8</attack>
		</action>
		<action>
			<name>Flaming Orb</name>
			<text>Ranged Spell Attack: +5 to hit, range 90 ft., one target. Hit: 40 (9d8) fire damage.</text>
			<attack>Flaming Orb|5|9d8</attack>
		</action>
		<action>
			<name>Scorching Burst</name>
			<text>Severin chooses a point he can see within 60 feet of him. Each creature within 5 feet of that point must make a DC 17 Dexterity saving throw, taking 18 (4d8) fire damage on a failed save, or half as much damage on a successful one.</text>
			<attack>Scorching Burst||4d8</attack>
		</action>
		<legendary>
			<name>Attack</name>
			<text>If Severin is wearing the Mask of the Dragon Queen, he can take 3 legendary actions, choosing from the options listed. Only one legendary action option can be used at a time and only at the end of another creature's turn. Severin regains spent legendary actions at the start of his turn.</text>
			<text>Severin makes one attack.</text>
		</legendary>
		<legendary>
			<name>Fiery Teleport (Costs 2 Actions)</name>
			<text>Severin, along with any objects he is wearing or carrying, teleports up to 60 feet to an unoccupied space he can see. Each creature within 5 feet of Severin before he teleports takes 5 (1dlO) fire damage.</text>
			<attack>Fiery Teleport||1d10</attack>
		</legendary>
		<legendary>
			<name>Hellish Chains (Costs 3 Actions)</name>
			<text>Severin targets one creature he can see within 30 feet of him. The target is wrapped in magical chains of fire and restrained. The restrained target takes 21 (6d6) fire damage at the start of each of its turns. At the end of its turns, the target can make a DC 17 Strength saving throw, ending the effect on itself on a success.</text>
			<attack>Hellish Chains||6d6</attack>
		</legendary>
	</monster>
	<monster>
		<name>Tiamat</name>
		<size>G</size>
		<type>fiend, tyranny of dragons</type>
		<alignment>chaotic evil</alignment>
		<ac>25 (natural armor)</ac>
		<hp>615 (30d20+300)</hp>
		<speed>60 ft., fly 120 ft.</speed>
		<str>30</str>
		<dex>10</dex>
		<con>30</con>
		<int>26</int>
		<wis>26</wis>
		<cha>28</cha>
		<save>Str +19, Dex +9, Wis +17</save>
		<skill>Arcana +17, Perception +26, Religion +17</skill>
		<immune> acid, cold, fire, lightning, poison; bludgeoning, piercing, and slashing damage from nonmagical weapons</immune>
		<conditionImmune>blinded, charmed, deafened, frightened, poisoned, stunned</conditionImmune>
		<senses>darkvision 240 ft., truesight 120 ft.</senses>
		<passive>36</passive>
		<languages>Common, Draconic, Infernal</languages>
		<cr>30</cr>
		<trait>
			<name>Discorporation</name>
			<text>When Tiamat drops to 0 hit points or dies, her body is destroyed but her essence travels back to her domain in the Nine Hells, and she is unable to take physical form for a time.</text>
		</trait>
		<trait>
			<name>Innate Spellcasting (3/Day)</name>
			<text>Tiamat can innately cast divine word (spell save DC 26). Her spellcasting ability is Charisma.</text>
		</trait>
		<trait>
			<name>Legendary Resistance (5/Day)</name>
			<text>If Tiamat fails a saving throw, she can choose to succeed instead.</text>
		</trait>
		<trait>
			<name>Limited Magic Immunity</name>
			<text>Unless she wishes to be affected, Tiamat is immune to spells of 6th level or lower. She has advantage on saving throws against all other spells and magical effects.</text>
		</trait>
		<trait>
			<name>Magic Weapons</name>
			<text>Tiamat's weapon attacks are magical.</text>
		</trait>
		<trait>
			<name>Multiple Heads</name>
			<text>Tiamat can take one reaction per turn, rather than only one per round. She also has advantage on saving throws against being knocked unconscious. If she fails a saving throw against an effect that would stun a creature, one of her unspent legendary actions is spent.</text>
		</trait>
		<trait>
			<name>Regeneration</name>
			<text>Tiamat regains 30 hit points at the start of her turn.</text>
		</trait>
		<action>
			<name>Multiattack</name>
			<text>Tiamat can use her Frightful Presence. She then makes three attacks: two with her claws and one with her tail.</text>
		</action>
		<action>
			<name>Claw</name>
			<text>Melee Weapon Attack: +19 to hit, reach 15 ft., one target. Hit: 24 (4d6 + 10) slashing damage.</text>
			<attack>Claw|19|4d6+10</attack>
		</action>
		<action>
			<name>Tail</name>
			<text>Melee Weapon Attack: +19 to hit, reach 25 ft., one target. Hit: 28 (4d8 + 10) piercing damage.</text>
			<attack>Tail|19|4d8+10</attack>
		</action>
		<action>
			<name>Frightful Presence</name>
			<text>Each creature of Tiamat's choice that is within 240 feet of Tiamat and aware of her must succeed on a DC 26 Wisdom saving throw or become frightened for 1 minute. A creature can repeat the saving throw at the end of each of its turns, ending the effect on itself on a success. If a creature's saving throw is successful or the effect ends for it, the creature is immune to Tiamat's Frightful Presence for the next 24 hours.</text>
		</action>
		<legendary>
			<name>Bite</name>
			<text>Tiamat can take 5 legendary actions, choosing from the options listed. Only one legendary action option can be used at a time and only at the end of another creature's turn. Tiamat regains spent legendary actions at the start of her turn.</text>
			<text>Tiamat's legendary action options are associated with her five dragon heads (a bite and a breath weapon for each). Once Tiamat chooses a legendary action option for one of her heads, she can't choose another one associated with that head until the start of her next turn.</text>
			<text>Melee Weapon Attack: +19 to hit, reach 20 ft., one target. Hit: 32 (4d10 + 10) slashing damage plus 14 (4d6) acid damage (black dragon head), lightning damage (blue dragon head), poison damage (green dragon head), fire damage (red dragon head), or cold damage (white dragon head).</text>
			<attack>Bite|19|4d10+10+4d6</attack>
		</legendary>
		<legendary>
			<name>Black Dragon Head: Acid Breath (Costs 2 Actions)</name>
			<text>Tiamat breathes acid in a 120-foot line that is 10 feet wide. Each creature in that line must make a DC 27 Dexterity saving throw, taking 67 (15d8) acid damage on a failed save, or half as much damage on a successful one.</text>
			<attack>Acid Breath||15d8</attack>
		</legendary>
		<legendary>
			<name>Blue Dragon Head: Lightning Breath (Costs 2 Actions)</name>
			<text>Tiamat breathes lightning in a 120-foot line that is 10 feet wide. Each creature in that line must make a DC 27 Dexterity saving throw, taking 88 (16d10) lightning damage on a failed save, or half as much damage on a successful one.</text>
			<attack>Lightning Breath||16d10</attack>
		</legendary>
		<legendary>
			<name>Green Dragon Head: Poison Breath (Costs 2 Actions)</name>
			<text>Tiamat breathes poisonous gas in a 90-foot cone. Each creature in that area must make a DC 27 Constitution saving throw, taking 77 (22d6) poison damage on a failed save, or half as much damage on a successful one.</text>
			<attack>Poison Breath||22d6</attack>
		</legendary>
		<legendary>
			<name>Red Dragon Head: Fire Breath (Costs 2 Actions)</name>
			<text>Tiamat breathes fire in a 90-foot cone. Each creature in that area must make a DC 27 Dexterity saving throw, taking 91 (26d6) fire damage on a failed save, or half as much damage on a successful one.</text>
			<attack>Fire Breath||26d6</attack>
		</legendary>
		<legendary>
			<name>White Dragon Head: Cold Breath (Costs 2 Actions)</name>
			<text>Tiamat breathes an icy blast in a 90-foot cone. Each creature in that area must make a DC 27 Dexterity saving throw, taking 72 (16d8) cold damage on a failed save, or half as much damage on a successful one.</text>
			<attack>Cold Breath||16d8</attack>
		</legendary>
		<spells>divine word</spells>
	</monster>
</compendium>
