<?xml version='1.0' encoding='UTF-8'?>
<compendium version="5">
	<class>
		<name>Fighter (Gunslinger)</name>
		<hd>10</hd>
		<proficiency>Strength, Constitution</proficiency>
		<spellAbility>Intelligence</spellAbility>
		<autolevel level="1">
			<feature>
				<name>Starting Proficiencies</name>
				<text>You are proficient with the following items, in addition to any proficiencies provided by your race or background.</text>
				<text>Armor: light armor, medium armor, heavy armor, shields</text>
				<text>Weapons: simple weapons, martial weapons</text>
				<text>Tools: none</text>
				<text>Skills: Choose two skills from Acrobatics, Animal Handling, Athletics, History, Insight, Intimidation, Perception, and Survival</text>
			</feature>
			<feature>
				<name>Starting Equipment</name>
				<text>You start with the following items, plus anything provided by your background.</text>
				<text />
				<text>• (a) chain mail or (b) leather, longbow, and 20 arrows</text>
				<text>• (a) a martial weapon and a shield or (b) two martial weapons</text>
				<text>• (a) a light crossbow and 20 bolts or (b) two handaxes</text>
				<text>• (a) a dungeoneer's pack or (b) an explorer's pack</text>
				<text />
				<text>Alternatively, you may start with 5d4 x 10 gp to buy your own equipment.</text>
			</feature>
		</autolevel>

		<autolevel level="1">
			<feature>
				<name>Fighting Style</name>
				<text>You adopt a particular style of fighting as your specialty. Choose a fighting style from the list of optional features. You can't take the same Fighting Style option more than once, even if you get to choose again.</text>
			</feature>
			<feature optional="YES">
				<name>Fighting Style: Archery</name>
				<text>You gain a +2 bonus to attack rolls you make with ranged weapons.</text>
			</feature>
			<feature optional="YES">
				<name>Fighting Style: Defense</name>
				<text>While you are wearing armor, you gain a +1 bonus to AC.</text>
			</feature>
			<feature optional="YES">
				<name>Fighting Style: Dueling</name>
				<text>When you are wielding a melee weapon in one hand and no other weapons, you gain a +2 bonus to damage rolls with that weapon.</text>
			</feature>
			<feature optional="YES">
				<name>Fighting Style: Great Weapon Fighting</name>
				<text>When you roll a 1 or 2 on a damage die for an attack you make with a melee weapon that you are wielding with two hands, you can reroll the die and must use the new roll, even if the new roll is a 1 or a 2. The weapon must have the two-handed or versatile property for you to gain this benefit.</text>
			</feature>
			<feature optional="YES">
				<name>Fighting Style: Protection</name>
				<text>When a creature you can see attacks a target other than you that is within 5 feet of you, you can use your reaction to impose disadvantage on the attack roll. You must be wielding a shield.</text>
			</feature>
			<feature optional="YES">
				<name>Fighting Style: Two-Weapon Fighting</name>
				<text>When you engage in two-weapon fighting, you can add your ability modifier to the damage of the second attack.</text>
			</feature>
			<feature>
				<name>Second Wind</name>
				<text>You have a limited well of stamina that you can draw on to protect yourself from harm. On your turn, you can use a bonus action to regain hit points equal to 1d10 + your fighter level.</text>
				<text>    Once you use this feature, you must finish a short or long rest before you can use it again.</text>
			</feature>
		</autolevel>

		<autolevel level="2">
			<feature>
				<name>Action Surge</name>
				<text>Starting at 2nd level, you can push yourself beyond your normal limits for a moment. On your turn, you can take one additional action on top of your regular action and a possible bonus action.</text>
				<text>    Once you use this feature, you must finish a short or long rest before you can use it again. Starting at 17th level, you can use it twice before a rest, but only once on the same turn.</text>
			</feature>
		</autolevel>

		<autolevel level="3">
			<feature>
				<name>Martial Archetype</name>
				<text>At 3rd level, you choose an archetype that you strive to emulate in your combat styles and techniques. Choose Champion, Battle Master, or Eldritch Knight, all detailed at the end of the class description. The archetype you choose grants you features at 3rd level and again at 7th, 10th, 15th, and 18th level.</text>
			</feature>
			<feature>
				<name>Martial Archetype: Gunslinger</name>
				<text>Gunslingers focus on the ability to design, craft, and utilize powerful, yet dangerous ranged weapons. Through creative innovation and immaculate aim, they become a distant force of death on the battlefield.</text>
			</feature>
			<feature>
				<name>Gunslinger: Gunsmith</name>
				<text>Upon choosing this archetype at 3rd level, you gain proficiency with Tinker's Tools. You may use them to craft ammunition, repair damaged firearms, or even draft and create new ones (DM's discretion). Some extremely intricate and experimental firearms are only available through crafting.</text>
			</feature>
			<feature>
				<name>Gunslinger: Grit</name>
				<text>Also starting at 3rd level, you gain a number of grit points equal to your Wisdom modifier (minimum of 1). You can spend grit points to performs various “shot” attacks with your firearms. An attack can only be affected by a single shot feature. You can regain spent Grit points in the following ways:</text>
				<text />
				<text>Critical hit with a firearm: Each time you score a critical hit with a firearm attack while in the hear of combat, you regain 1 spent grit point. Critical hits gained outside of die rolls (via enemy conditions) do not generate grit.</text>
				<text />
				<text>Killing blow with a firearm: Each time you reduce a dangerous creature (DM's discretion) to 0 hit points with a firearm attack, and kill them, you regain 1 spent grit point.</text>
				<text />
				<text>You also regain all spent grit points after finishing a short or long rest.</text>
			</feature>
			<feature>
				<name>Gunslinger: Deadeye Shot</name>
				<text>Beginning at 3rd level, you can spend 1 grit point to gain advantage on the next attack roll you make with a firearm this round.</text>
			</feature>
		</autolevel>

		<autolevel level="4">
			<feature>
				<name>Ability Score Improvement</name>
				<text>When you reach 4th level you can increase one ability score of your choice by 2, or you can increase two ability scores of your choice by 1. As normal, you can't increase an ability score above 20 using this feature.</text>
				<text>    If your DM allows the use of feats, you may instead take a feat.</text>
			</feature>
		</autolevel>

		<autolevel level="5">
			<feature>
				<name>Extra Attack</name>
				<text>Beginning at 5th level, you can attack twice, instead of once, whenever you take the Attack action on your turn.</text>
				<text>    The number of attacks increases to three when you reach 11th level in this class and to four when you reach 20th level in this class.</text>
			</feature>
		</autolevel>

		<autolevel level="6">
			<feature>
				<name>Ability Score Improvement</name>
				<text>When you reach 6th level you can increase one ability score of your choice by 2, or you can increase two ability scores of your choice by 1. As normal, you can't increase an ability score above 20 using this feature.</text>
				<text>    If your DM allows the use of feats, you may instead take a feat.</text>
			</feature>
		</autolevel>

		<autolevel level="7">
			<feature>
				<name>Gunslinger: Quickdraw</name>
				<text>When you reach 7th level, you add your proficiency bonus to your initiative. You can also stow a firearm, then draw another firearm as a single object interaction on your turn.</text>
			</feature>
			<feature>
				<name>Gunslinger: Violent Shot</name>
				<text>Starting at 7th level, you've discovered ways to push your firearms past their intended potential at the peril of damaging them. You can spend 1 or more grit points before making an attack roll with a firearm. For each grit point spent, that attack gains +2 to the firearm's misfire score.</text>
				<text>    If the attack hits, you can roll one additional weapon damage die per grit point spent when determining damage of the attack.</text>
			</feature>
		</autolevel>

		<autolevel level="8">
			<feature>
				<name>Ability Score Improvement</name>
				<text>When you reach 8th level you can increase one ability score of your choice by 2, or you can increase two ability scores of your choice by 1. As normal, you can't increase an ability score above 20 using this feature.</text>
				<text>    If your DM allows the use of feats, you may instead take a feat.</text>
			</feature>
		</autolevel>

		<autolevel level="9">
			<feature>
				<name>Indomitable</name>
				<text>Beginning at 9th level, you can reroll a saving throw that you fail. If you do so, you must use the new roll, and you can't use this feature again until you finish a long rest.</text>
				<text>    You can use this feature twice between long rests starting at 13th level and three times between long rests starting at 17th level.</text>
			</feature>
		</autolevel>

		<autolevel level="10">
			<feature>
				<name>Gunslinger: Trick Shot</name>
				<text>By 10th level, you've honed your aim to fire off targeted shots to disable an opponent. You can spend 1 grit point before making an attack roll to target a specific location on the target's body. If the specified body part cannot be seen, or the target lacks the part in question, only normal damage is suffered with no additional effect.</text>
				<text />
				<text>Trick Shot DC: 8 + your proficiency bonus + your Dexterity modifier</text>
				<text />
				<text>Head: On a hit, the target takes normal damage and much make a Constitution saving throw or suffer disadvantage on attacks until the end of their next turn.</text>
				<text />
				<text>Arms: On a hit, the target takes normal damage and must make a Strength saving throw or drop 1 held item of your choice.</text>
				<text />
				<text>Torso: On a hit, the target takes normal damage and is pushed up to 10 feet directly away from you.</text>
				<text />
				<text>Legs/Wings: On a hit, the target takes normal damage and much make a Strength saving throw or get knocked prone.</text>
			</feature>
		</autolevel>

		<autolevel level="11">
			<feature>
				<name>Extra Attack (2)</name>
				<text>At 11th level, you can attack three times whenever you take the Attack action on your turn.</text>
			</feature>
		</autolevel>

		<autolevel level="12">
			<feature>
				<name>Ability Score Improvement</name>
				<text>When you reach 12th level you can increase one ability score of your choice by 2, or you can increase two ability scores of your choice by 1. As normal, you can't increase an ability score above 20 using this feature.</text>
				<text>    If your DM allows the use of feats, you may instead take a feat.</text>
			</feature>
		</autolevel>

		<autolevel level="13">
			<feature>
				<name>Indomitable (two uses)</name>
				<text>At 13th level, you can use Indomitable twice between long rests.</text>
			</feature>
		</autolevel>

		<autolevel level="14">
			<feature>
				<name>Ability Score Improvement</name>
				<text>When you reach 14th level you can increase one ability score of your choice by 2, or you can increase two ability scores of your choice by 1. As normal, you can't increase an ability score above 20 using this feature.</text>
				<text>    If your DM allows the use of feats, you may instead take a feat.</text>
			</feature>
		</autolevel>

		<autolevel level="15">
			<feature>
				<name>Gunslinger: Lightning Reload</name>
				<text>Starting at 15th level, you can reload any firearm as a bonus action.</text>
			</feature>
			<feature>
				<name>Gunslinger: Piercing Shot</name>
				<text>By 15th level, you've refined your deadly gunplay to allow certain shots to pierce through foes and continue on to damage others. You can spend 1 grit points before making an attack roll with a firearm that deals piercing damage. If the attack hits, you make an attack roll against every creature in a line directly behind the target within your first range increment.</text>
				<text />
				<text>Only the initial attack can misfire.</text>
			</feature>
		</autolevel>

		<autolevel level="16">
			<feature>
				<name>Ability Score Improvement</name>
				<text>When you reach 16th level you can increase one ability score of your choice by 2, or you can increase two ability scores of your choice by 1. As normal, you can't increase an ability score above 20 using this feature.</text>
				<text>    If your DM allows the use of feats, you may instead take a feat.</text>
			</feature>
		</autolevel>

		<autolevel level="17">
			<feature>
				<name>Action Surge (two uses)</name>
				<text>At 17th level, you can use Action Surge twice before a rest, but only once on the same turn.</text>
			</feature>
			<feature>
				<name>Indomitable (three uses)</name>
				<text>At 17th level, you can use Indomitable three times between long rests.</text>
			</feature>
		</autolevel>

		<autolevel level="18">
			<feature>
				<name>Gunslinger: Vicious Intent</name>
				<text>At 18th level, your firearm attacks score a critical hit on a roll of 19-20.</text>
			</feature>
			<feature>
				<name>Gunslinger: Hemorrhaging Critical</name>
				<text>Upon reaching 18th level, whenever you score a critical hit on an attack with a firearm, the target additionally suffers half of the damage from the attack at the end of its next turn.</text>
			</feature>
		</autolevel>

		<autolevel level="19">
			<feature>
				<name>Ability Score Improvement</name>
				<text>When you reach 19th level you can increase one ability score of your choice by 2, or you can increase two ability scores of your choice by 1. As normal, you can't increase an ability score above 20 using this feature.</text>
				<text>    If your DM allows the use of feats, you may instead take a feat.</text>
			</feature>
		</autolevel>

		<autolevel level="20">
			<feature>
				<name>Extra Attack (3)</name>
				<text>At 20th level, you can attack four times whenever you take the Attack action on your turn.</text>
			</feature>
		</autolevel>
	</class>
</compendium>
